UniqueCarrier,Origin,Dest,DepTime,ArrDelay,Distance,Month,Day,DayOfWeek
WN,JFK,ATL,1102,6,1886,7,26,7
AS,ATL,JFK,2351,-4,693,2,7,5
UA,LAX,DFW,1403,151,2713,1,7,4
AS,MIA,LAX,2177,24,2899,4,8,7
AS,ATL,ORD,1299,-13,111,12,26,2
DL,ORD,DFW,1722,125,2312,2,24,6
UA,DFW,LAX,898,104,1417,8,24,3
UA,LAX,SFO,1206,102,1642,10,8,7
UA,ORD,MIA,1535,12,2225,7,16,4
AS,DFW,ORD,77,-20,713,8,12,3
WN,DEN,MIA,1532,-15,2086,11,15,2
UA,DEN,SFO,237,20,968,6,8,6
B6,LAX,DFW,1157,162,911,1,22,5
AS,SFO,ORD,1996,-16,1922,12,9,7
DL,JFK,MIA,1215,166,866,9,3,7
WN,MIA,ATL,277,59,181,6,22,7
B6,JFK,MIA,523,-3,1844,12,21,2
B6,ORD,LAX,179,156,2356,10,16,3
DL,DFW,DFW,122,61,621,1,15,3
WN,JFK,JFK,1269,44,1427,1,24,2
AS,DFW,MIA,1757,62,1093,8,4,7
AA,DFW,ORD,1094,161,2612,6,20,1
WN,ORD,ORD,479,168,1625,8,16,2
DL,ORD,DEN,1797,115,1569,8,10,6
B6,ORD,MIA,2131,110,2775,11,11,6
AS,JFK,DFW,815,4,1613,8,26,5
WN,DEN,DFW,442,48,880,10,5,2
AA,ORD,SFO,142,162,1551,7,11,4
AA,MIA,DEN,191,147,658,7,13,6
UA,JFK,MIA,1410,61,2238,10,15,6
UA,ORD,ATL,377,157,2137,4,6,6
DL,ATL,SFO,534,96,1853,9,16,1
WN,DFW,DEN,1716,74,959,12,15,4
WN,MIA,MIA,1032,12,1712,2,11,7
B6,ORD,MIA,1410,90,655,11,20,7
B6,LAX,SFO,2140,125,255,9,2,2
B6,DFW,ATL,1989,104,2149,10,28,1
UA,DFW,DEN,1177,164,1480,3,28,6
WN,ORD,MIA,404,-5,924,2,2,7
WN,DEN,MIA,1172,59,1692,4,12,4
AA,SFO,DEN,888,17,2949,5,16,7
UA,DEN,JFK,421,148,1181,2,19,4
AS,ORD,SFO,1641,114,1303,1,2,1
UA,DFW,SFO,471,57,592,10,17,7
AS,MIA,ORD,546,160,768,11,14,6
AA,LAX,ATL,630,42,174,5,24,1
DL,MIA,LAX,1037,91,470,9,28,3
WN,MIA,JFK,1829,68,686,12,16,6
AA,DFW,DEN,363,139,428,12,5,1
WN,DEN,DEN,2166,17,689,5,10,2
B6,LAX,DEN,545,129,1890,12,17,7
DL,JFK,JFK,633,123,876,11,13,6
DL,ATL,MIA,1936,31,2122,10,16,5
AA,DFW,DEN,1680,8,2451,9,9,6
DL,ORD,DEN,962,123,678,12,24,3
AS,JFK,ATL,882,55,320,10,4,1
DL,ATL,DFW,870,124,1287,6,24,5
WN,ORD,DFW,515,43,1603,3,28,3
WN,MIA,ORD,1420,70,2522,4,26,2
WN,SFO,ORD,865,68,1807,4,16,6
WN,ORD,DEN,2153,-8,1845,1,23,7
AS,LAX,ATL,1108,51,287,3,27,5
UA,LAX,DEN,213,163,1314,3,11,7
B6,SFO,ORD,2244,-16,1209,1,7,1
AA,JFK,JFK,18,-9,2621,9,17,1
WN,ATL,JFK,641,148,943,11,22,2
DL,ORD,MIA,1104,-18,630,1,13,3
WN,LAX,LAX,329,12,1170,9,4,5
DL,JFK,DFW,865,100,1062,1,14,2
B6,SFO,ATL,773,29,2622,2,10,3
B6,DEN,SFO,391,163,1269,2,10,4
B6,DFW,DFW,636,116,1505,6,10,4
DL,DEN,SFO,2354,157,616,7,27,3
WN,DEN,LAX,1025,8,1988,11,12,1
B6,LAX,LAX,1674,18,2573,1,2,1
AS,MIA,DEN,739,70,1591,3,26,4
DL,MIA,ORD,1545,79,1217,2,23,1
DL,SFO,LAX,468,152,232,8,9,7
WN,ORD,LAX,2259,-4,413,9,5,1
DL,MIA,SFO,1135,35,690,2,8,3
DL,DEN,ORD,1031,25,1643,2,21,6
B6,MIA,LAX,873,46,2306,10,14,3
WN,DEN,DFW,459,176,2808,9,7,1
B6,ATL,MIA,2300,121,1985,4,7,3
B6,LAX,LAX,1549,46,1726,5,9,5
WN,LAX,MIA,751,2,847,11,3,4
AA,ORD,ORD,1461,73,1597,9,14,6
B6,MIA,DEN,1777,168,900,6,17,5
AS,MIA,ATL,853,130,2557,10,18,5
AS,DFW,ORD,2283,134,1597,12,12,1
DL,JFK,SFO,1329,33,1479,9,22,1
AS,ATL,ATL,477,117,779,9,14,5
DL,LAX,DFW,2263,56,2261,7,26,5
AA,ATL,JFK,134,-5,996,12,26,2
WN,LAX,MIA,1152,20,1646,10,28,2
WN,ATL,MIA,409,77,1893,9,13,7
WN,SFO,MIA,1445,162,2212,5,14,4
AS,DEN,ORD,1317,107,783,5,9,5
AA,LAX,MIA,1269,40,1395,12,19,3
AS,ATL,DEN,1579,65,1785,8,26,6
AS,MIA,MIA,85,97,1485,10,2,2
AA,JFK,SFO,1865,79,2293,4,11,1
AA,SFO,DFW,1469,28,1042,9,17,5
AA,SFO,MIA,377,159,1409,7,2,3
AA,JFK,MIA,1680,-19,1133,7,19,6
WN,ATL,ATL,1074,99,2886,3,7,3
UA,MIA,DFW,241,157,2333,4,18,7
UA,ORD,MIA,919,102,1720,7,13,3
AA,JFK,ORD,1586,65,2982,11,5,1
UA,ATL,LAX,2313,150,908,11,18,2
UA,JFK,DEN,1271,56,270,5,23,3
AA,JFK,ORD,69,115,2360,12,26,6
UA,LAX,JFK,2104,38,1653,3,24,2
AS,ATL,ORD,1405,172,1695,1,24,7
DL,ORD,ATL,2086,-9,1723,7,16,7
DL,DEN,ATL,2007,-17,126,6,15,4
AA,LAX,MIA,800,96,1113,10,8,1
WN,JFK,ORD,1041,74,1191,7,26,2
AA,DEN,ATL,824,104,2937,2,15,7
WN,DFW,LAX,755,20,507,12,25,7
DL,DEN,DFW,1995,102,1232,4,1,2
AA,JFK,ORD,1839,-14,173,2,28,3
B6,JFK,DEN,1321,48,2725,8,17,6
AS,MIA,LAX,2330,48,779,7,15,3
UA,ATL,MIA,1609,60,1491,1,14,6
WN,ATL,DFW,109,9,2933,2,14,7
B6,LAX,DEN,1016,52,948,2,10,7
UA,ORD,MIA,1961,-15,969,4,2,1
UA,LAX,DEN,1769,68,336,3,27,2
AA,SFO,MIA,24,126,2874,1,6,5
UA,JFK,DEN,842,45,2525,12,17,7
AS,DEN,DFW,737,-11,2808,2,5,6
B6,DFW,LAX,2104,123,2977,11,5,6
UA,JFK,DEN,179,16,1005,9,15,3
AA,JFK,DEN,231,56,2523,1,15,3
AS,LAX,SFO,1917,56,718,9,20,7
DL,DFW,ORD,342,11,2800,7,11,7
B6,DFW,DFW,476,26,1132,2,5,4
UA,DFW,MIA,1822,89,2343,2,28,6
AA,LAX,DFW,454,179,2954,5,1,1
DL,JFK,ATL,1255,150,1413,5,11,2
DL,LAX,MIA,288,99,946,4,11,2
WN,ATL,DFW,1236,143,2965,12,6,2
AS,ATL,LAX,2305,133,2023,10,23,6
UA,LAX,MIA,529,-11,2711,10,8,3
AA,DFW,MIA,2276,138,733,12,2,1
WN,MIA,DFW,595,76,2826,3,15,2
AS,JFK,MIA,434,136,1117,4,23,6
WN,LAX,SFO,881,-16,107,10,22,5
B6,LAX,ORD,1781,56,1492,4,9,7
AS,LAX,MIA,401,-20,1168,2,15,4
AS,MIA,ORD,2135,110,2491,5,8,4
UA,MIA,DFW,1565,46,1880,5,16,2
AS,SFO,DEN,308,178,2943,5,27,3
WN,ATL,JFK,342,142,1742,11,14,4
AS,DEN,JFK,435,-6,1316,11,15,4
UA,DFW,DEN,176,174,948,10,20,4
UA,ORD,DEN,138,72,1480,1,13,4
B6,MIA,DEN,193,9,161,6,9,2
WN,DEN,LAX,1184,82,1185,11,1,6
DL,MIA,JFK,942,61,2569,2,27,1
DL,DFW,DEN,524,54,1917,7,6,1
AS,ORD,LAX,1624,150,732,4,8,3
B6,SFO,ATL,2257,39,891,5,27,6
AA,LAX,MIA,740,19,2698,5,27,7
AS,SFO,LAX,861,172,1400,5,20,5
B6,MIA,JFK,953,136,2753,2,18,1
WN,SFO,DFW,1302,53,1554,5,27,5
WN,DEN,ATL,1274,100,1238,3,18,1
WN,JFK,JFK,1743,126,1811,4,26,1
WN,MIA,MIA,2187,-18,624,2,17,3
WN,MIA,LAX,791,15,2120,4,21,4
B6,DEN,SFO,545,22,998,9,16,3
B6,ATL,ORD,1844,122,2310,8,13,1
UA,ORD,MIA,1016,148,886,11,22,6
DL,LAX,JFK,1927,94,1460,12,4,4
WN,DEN,DEN,1553,88,2526,3,4,6
AA,ORD,LAX,56,69,272,1,21,6
B6,DFW,DEN,2159,143,1099,1,14,6
AA,ORD,DEN,4,63,1910,6,5,4
AA,DFW,DEN,1437,56,163,3,16,6
AA,DEN,DEN,1362,140,1445,4,14,4
UA,MIA,DEN,1820,-16,1074,1,14,5
B6,MIA,ATL,1282,57,165,8,14,7
AA,ATL,JFK,2137,70,1966,1,25,1
WN,DEN,MIA,1273,66,1722,5,24,2
AS,DFW,JFK,1131,-7,557,6,25,6
AA,ORD,MIA,667,83,1702,2,14,3
UA,ORD,ORD,1281,175,2600,7,19,5
B6,DFW,LAX,996,62,2057,7,3,3
UA,SFO,SFO,1926,154,1840,1,17,2
AA,ATL,ATL,281,33,1549,4,14,4
B6,JFK,LAX,1227,111,2059,12,10,2
AS,MIA,ATL,2063,74,2325,4,13,3
AA,LAX,MIA,935,-12,2054,5,22,2
UA,ORD,JFK,253,32,379,1,4,1
DL,LAX,DEN,1211,56,2491,1,11,2
WN,JFK,ORD,328,39,1140,7,15,6
UA,DEN,ORD,1420,25,2443,9,15,1
B6,LAX,DFW,1540,33,2349,1,24,6
AA,JFK,SFO,1192,53,1061,2,2,7
WN,MIA,ORD,1716,91,2831,6,11,7
AA,DFW,DEN,1201,74,2042,6,2,2
B6,SFO,JFK,654,144,1317,2,23,1
AA,MIA,SFO,1385,2,474,9,5,1
DL,ORD,MIA,759,6,2011,4,13,7
WN,JFK,LAX,1798,49,134,7,1,2
WN,LAX,MIA,1063,173,1492,6,7,5
B6,ORD,DEN,415,88,2176,11,7,4
DL,SFO,DEN,254,168,874,11,10,4
UA,DFW,ORD,1166,56,320,3,6,4
AA,DEN,SFO,1876,158,2200,8,20,1
AS,ORD,JFK,899,29,2938,7,12,7
AA,DEN,MIA,2058,103,2223,9,13,4
AA,JFK,DFW,25,-2,593,3,24,7
UA,SFO,MIA,420,-20,1811,1,28,1
AA,LAX,ATL,1244,19,2264,2,11,7
DL,SFO,ATL,1876,139,379,12,18,5
DL,SFO,JFK,1260,1,845,11,2,2
WN,ATL,JFK,2284,91,2911,12,16,7
B6,SFO,ATL,1008,173,2442,1,2,7
AS,SFO,DFW,218,19,1574,11,19,2
AA,MIA,SFO,1510,17,1957,5,6,1
AA,ORD,ATL,1959,27,1641,10,1,1
UA,LAX,JFK,662,162,1196,2,11,7
B6,MIA,ORD,989,54,2989,3,18,5
DL,MIA,LAX,188,162,1159,8,10,4
AS,ORD,DFW,254,158,2022,10,18,5
WN,ORD,DEN,67,86,2105,5,28,2
DL,JFK,DFW,615,167,596,4,1,2
B6,ORD,ORD,873,-13,2353,5,19,6
WN,ATL,ORD,2347,65,2573,10,16,4
UA,ATL,DEN,1625,47,143,6,26,7
UA,MIA,MIA,356,54,1951,12,7,2
AA,DEN,JFK,255,179,2752,7,15,6
B6,JFK,ATL,1007,116,553,9,1,1
AS,DEN,MIA,1755,69,694,1,23,2
WN,DEN,SFO,283,109,1456,4,21,3
DL,MIA,DFW,98,59,606,12,9,4
B6,DFW,DEN,196,74,893,12,2,6
B6,MIA,DFW,877,49,120,9,17,4
UA,LAX,MIA,1868,69,1499,5,25,4
AA,LAX,ORD,1388,38,2767,8,24,3
AA,ORD,ATL,569,126,2561,12,10,5
WN,ORD,DFW,1065,7,1194,1,6,1
UA,DFW,SFO,421,51,1527,4,5,4
B6,ORD,ORD,1204,-7,1685,12,8,2
AS,LAX,SFO,544,3,1914,12,8,1
UA,DEN,ATL,70,91,1520,9,5,2
WN,MIA,DFW,1223,23,436,1,12,1
WN,SFO,LAX,767,35,1767,1,7,7
UA,ATL,MIA,2354,99,1009,4,13,1
WN,SFO,DFW,1706,158,375,3,13,6
UA,SFO,MIA,654,11,991,7,17,2
DL,LAX,ATL,1796,157,112,11,4,2
UA,SFO,DFW,220,148,1126,3,18,7
UA,MIA,MIA,181,173,1073,1,10,1
WN,DFW,DEN,306,4,274,12,3,4
WN,JFK,MIA,1419,95,1508,11,12,2
AA,ORD,DFW,1013,168,1725,10,1,7
AA,JFK,JFK,2051,45,2043,2,27,3
DL,DEN,DFW,847,21,2388,10,11,3
AA,MIA,DFW,803,172,646,4,18,1
UA,MIA,MIA,214,143,2161,1,13,5
WN,ATL,SFO,1443,55,1318,1,17,1
AA,MIA,LAX,100,116,1520,12,8,7
AA,ORD,SFO,572,143,1554,8,20,1
DL,MIA,MIA,1332,17,2872,7,19,4
B6,SFO,SFO,657,140,1533,8,17,4
DL,ATL,ORD,1533,149,102,4,2,6
UA,ORD,JFK,1656,40,2838,6,3,7
WN,DFW,SFO,225,153,1942,3,3,5
DL,DFW,DEN,104,68,846,11,6,7
AA,DFW,ATL,1997,168,2916,8,10,7
WN,DFW,DEN,771,-3,971,4,24,5
WN,SFO,ATL,428,49,594,3,22,7
AA,MIA,DFW,433,61,2564,4,18,5
DL,JFK,ORD,1230,95,1514,6,18,5
AA,ORD,JFK,865,59,727,11,14,5
B6,SFO,DEN,250,-6,1175,7,16,7
WN,DFW,JFK,855,155,241,7,7,7
AS,DEN,DEN,1193,179,1587,12,1,1
AS,MIA,DFW,560,-8,145,4,17,7
UA,JFK,ATL,1469,98,2991,8,23,1
AA,DEN,LAX,2341,22,2157,7,25,6
AA,ATL,ORD,918,167,763,2,5,3
UA,DEN,DEN,1173,36,672,8,27,3
UA,ATL,DEN,432,178,2129,9,1,6
UA,ATL,DFW,2106,-4,1653,5,21,6
WN,DFW,ORD,968,157,1721,4,27,2
B6,ATL,ATL,835,11,2796,4,17,1
AA,LAX,ATL,2246,129,1012,4,10,5
WN,ORD,DEN,2262,34,739,6,12,2
UA,ORD,LAX,897,164,2763,11,25,4
AA,DFW,LAX,471,-8,2845,4,20,1
WN,LAX,JFK,246,26,1008,7,25,7
B6,DEN,ORD,990,66,2325,7,2,6
WN,SFO,ORD,926,41,968,5,23,3
B6,DEN,ATL,1191,161,1129,5,16,1
UA,MIA,JFK,1074,8,952,10,15,6
B6,SFO,DFW,1834,1,406,8,28,1
AA,ATL,ORD,688,44,2695,7,13,7
UA,JFK,JFK,1484,8,2474,7,18,1
AA,SFO,JFK,959,27,1916,6,28,7
AS,JFK,DEN,477,-16,494,7,20,1
DL,ORD,ATL,706,142,2447,7,22,4
B6,JFK,JFK,1137,80,848,10,14,3
DL,ORD,MIA,753,50,2432,2,18,1
DL,LAX,LAX,1659,153,429,10,2,6
B6,LAX,MIA,587,142,2197,2,2,4
UA,DFW,LAX,1334,152,2131,10,3,2
AS,DFW,SFO,1492,120,872,7,5,1
AA,ATL,ATL,1847,117,1745,10,25,7
WN,SFO,DEN,206,45,1832,7,16,4
AA,ATL,DFW,2198,177,477,7,22,5
WN,ORD,MIA,164,51,1887,5,15,2
AA,ATL,MIA,1998,4,1723,1,12,3
B6,JFK,SFO,2084,151,1099,2,9,1
AS,ORD,LAX,332,39,1948,9,26,1
WN,DFW,DEN,402,154,1661,8,14,4
UA,LAX,SFO,413,19,873,8,21,3
AA,DFW,ATL,44,-14,1183,10,16,5
AA,SFO,DEN,2253,153,1903,1,11,2
WN,ORD,ATL,61,130,1198,6,6,6
UA,ORD,JFK,867,25,2150,9,10,3
UA,JFK,ORD,1491,65,1698,8,28,1
B6,SFO,JFK,18,120,847,3,8,4
B6,LAX,ATL,364,0,1571,4,16,5
B6,DEN,MIA,1140,-20,1864,3,3,4
B6,ORD,DEN,579,102,2422,6,2,2
B6,ORD,LAX,545,126,1653,9,16,7
B6,JFK,DFW,1729,104,1715,8,19,7
AS,ATL,LAX,54,167,2362,10,9,3
UA,MIA,DEN,777,12,1608,4,16,4
B6,LAX,JFK,41,-17,428,2,22,6
UA,DFW,DFW,1320,-18,2402,8,26,6
UA,SFO,DEN,230,70,1510,8,28,7
DL,ORD,ATL,452,31,225,12,4,7
AS,ORD,MIA,1545,7,866,11,10,4
B6,DFW,LAX,1381,49,1673,6,19,1
AA,LAX,ATL,1467,177,1327,8,13,4
WN,MIA,DFW,1151,162,1295,9,18,5
AA,ATL,DFW,1216,36,1858,1,15,3
AS,ORD,LAX,880,87,316,9,4,2
WN,MIA,ATL,84,123,1459,2,9,6
AS,LAX,SFO,1053,3,1421,1,4,4
UA,DFW,ATL,48,176,931,8,16,5
WN,JFK,DFW,1168,148,281,8,28,7
UA,ATL,ATL,68,56,433,11,21,6
AA,SFO,MIA,1701,154,610,4,15,6
AA,ORD,DEN,1598,55,482,8,24,2
WN,LAX,JFK,2194,48,1996,7,2,6
WN,JFK,MIA,1869,80,431,2,28,5
B6,SFO,SFO,1015,138,1288,5,27,6
AS,DEN,ORD,445,71,1365,10,14,6
B6,LAX,DEN,2268,71,999,4,3,4
AS,LAX,JFK,1401,9,741,3,22,4
B6,SFO,ORD,2142,-3,1350,1,28,7
UA,JFK,LAX,261,23,733,5,23,3
WN,DEN,ORD,1848,134,2598,10,4,1
AA,MIA,DEN,896,78,295,8,1,5
AS,MIA,ATL,1094,133,1993,12,23,1
AS,DFW,DEN,2266,100,557,9,28,1
AA,JFK,MIA,1556,94,929,7,9,6
B6,ATL,ORD,91,39,2404,12,17,7
AS,ORD,DFW,126,125,2156,11,14,2
UA,SFO,JFK,79,35,2908,1,17,2
WN,DFW,JFK,1847,10,1324,1,1,6
AA,DEN,ORD,982,80,986,1,10,7
WN,SFO,JFK,915,38,492,2,23,5
AS,SFO,DFW,693,103,1775,1,16,1
AS,JFK,DEN,24,109,2546,4,27,3
AA,ORD,JFK,155,76,2478,10,25,7
UA,ATL,ORD,1812,146,2627,9,19,1
DL,MIA,SFO,1553,168,2281,12,24,2
AA,LAX,SFO,1966,86,1015,4,25,1
DL,LAX,LAX,1733,170,1034,4,3,4
B6,SFO,MIA,1080,-3,454,7,28,4
DL,MIA,JFK,1628,124,2731,11,12,3
UA,MIA,MIA,18,146,1621,9,3,5
B6,ORD,DEN,1407,50,2772,7,15,1
DL,DEN,ORD,1216,85,2437,1,17,4
B6,DEN,JFK,2284,33,2972,1,18,5
DL,DFW,ATL,1410,73,728,4,7,7
UA,JFK,DFW,276,55,2779,4,19,7
DL,ORD,JFK,744,14,1270,1,7,4
DL,ORD,JFK,551,-10,426,6,5,5
DL,JFK,MIA,1176,40,1538,10,26,5
AA,MIA,MIA,638,23,2357,2,8,4
AA,DEN,SFO,236,100,1521,11,21,6
AA,DEN,DFW,997,47,1226,5,16,2
UA,MIA,ORD,2102,4,2783,8,16,5
B6,DEN,JFK,2003,155,1880,3,19,7
AS,SFO,SFO,1459,139,1631,9,25,6
DL,ORD,MIA,2156,63,2014,7,15,1
DL,LAX,LAX,1207,93,1332,9,7,6
UA,JFK,DFW,1391,111,2056,1,5,4
DL,DEN,SFO,2006,145,2575,5,23,6
AA,DFW,SFO,1221,170,492,12,11,2
AS,DEN,DEN,1394,154,925,3,10,4
WN,DEN,SFO,372,-20,2012,4,25,3
DL,ATL,DEN,1520,110,2495,4,21,1
AA,SFO,JFK,2248,65,149,11,23,7
WN,JFK,JFK,848,41,1496,12,27,3
AS,ATL,MIA,1345,43,1150,7,9,6
WN,ATL,LAX,2322,124,899,10,1,5
AA,DFW,ATL,2258,105,1892,11,20,6
B6,ORD,ATL,503,84,2796,8,1,7
B6,DFW,ATL,702,41,1463,11,8,7
WN,ORD,MIA,2089,14,2448,10,3,5
UA,ORD,DEN,314,-8,1665,5,2,3
WN,JFK,MIA,1040,142,2313,12,4,3
DL,DEN,DFW,282,22,2463,10,27,5
DL,JFK,DFW,257,109,100,7,19,2
B6,SFO,LAX,574,163,1119,3,11,1
UA,ORD,DFW,573,90,1384,3,5,4
AA,ATL,ATL,1042,107,162,3,24,3
DL,DEN,ATL,1552,30,2630,12,10,1
B6,LAX,MIA,422,161,1969,4,24,4
AS,SFO,SFO,1489,123,2369,6,27,6
B6,JFK,DFW,1396,125,251,5,23,4
DL,DFW,MIA,757,114,743,8,8,3
DL,SFO,JFK,1104,24,725,12,13,2
B6,SFO,JFK,1574,143,316,5,5,2
AA,DEN,SFO,428,148,295,11,26,1
WN,SFO,SFO,2021,21,1114,12,26,6
DL,SFO,SFO,203,114,2794,5,27,1
B6,LAX,MIA,2243,-6,2855,10,12,5
B6,MIA,JFK,2332,39,1621,2,27,2
UA,DFW,ATL,1992,19,1678,12,13,1
WN,DFW,SFO,2243,144,1180,11,22,5
AS,DFW,LAX,306,173,1627,11,8,6
AA,ORD,DEN,1687,91,821,5,15,7
AS,ATL,MIA,13,162,1707,12,13,4
WN,MIA,SFO,1860,56,1859,7,1,1
WN,DFW,DEN,1961,84,1662,2,22,5
WN,SFO,ORD,1080,86,739,6,6,2
AS,SFO,SFO,722,101,2253,7,11,4
WN,DFW,JFK,779,59,264,5,13,1
B6,DEN,DFW,1233,104,314,9,21,2
AS,DFW,SFO,528,163,1194,4,20,7
WN,SFO,MIA,797,151,189,10,1,4
B6,ORD,DFW,343,164,1895,1,11,3
UA,JFK,ORD,1302,113,1351,8,26,2
WN,JFK,LAX,208,11,1202,8,11,3
AS,MIA,DFW,640,87,707,7,8,6
DL,MIA,DEN,1311,93,448,8,22,1
WN,DFW,ATL,2299,125,345,2,3,7
DL,LAX,SFO,2318,47,371,3,28,5
B6,DFW,ORD,1947,106,2130,9,19,1
UA,DEN,ORD,919,114,502,1,12,2
AA,DFW,DFW,1723,93,1565,8,6,3
UA,MIA,LAX,2044,-13,1295,8,28,3
WN,JFK,JFK,418,43,1179,7,23,4
DL,SFO,SFO,1749,114,1714,11,8,1
DL,DFW,ORD,1388,20,1226,5,5,1
AS,SFO,LAX,1099,19,383,4,10,2
DL,SFO,ATL,2156,-18,616,10,22,3
AS,LAX,ORD,1545,124,2765,10,16,2
B6,SFO,LAX,1070,173,1401,10,12,2
AA,JFK,MIA,1850,89,711,10,17,6
WN,ORD,JFK,1119,93,849,6,6,3
AS,ORD,JFK,957,91,1392,12,9,2
AA,ATL,ORD,102,159,1956,11,10,3
DL,DEN,DEN,1169,129,499,1,20,2
DL,DFW,ORD,1903,-17,1626,5,14,5
AA,DEN,DFW,1755,113,2124,4,14,2
DL,JFK,SFO,678,145,2233,4,26,2
B6,SFO,LAX,1968,5,419,7,17,7
B6,ORD,ORD,988,118,1155,9,27,5
AA,DEN,SFO,1105,-4,435,8,25,1
AS,JFK,DFW,1607,71,2198,11,16,3
AS,ORD,MIA,1502,10,273,12,4,7
AA,SFO,MIA,1789,142,1741,8,2,4
AS,DEN,SFO,1185,123,600,5,16,5
AS,ORD,ORD,931,86,2223,6,1,7
B6,DFW,JFK,1425,125,2463,2,3,1
AS,MIA,LAX,1061,90,1956,11,23,2
UA,DFW,LAX,1978,80,1996,3,11,6
WN,ATL,MIA,2042,91,1763,5,16,1
DL,ATL,MIA,1278,41,1818,2,26,5
UA,ORD,JFK,1202,91,1878,3,18,6
AS,MIA,DEN,593,134,796,4,15,2
B6,JFK,ORD,1421,142,831,6,9,1
AA,DFW,MIA,2205,95,1194,5,12,4
AS,JFK,MIA,1027,152,2813,10,27,3
B6,MIA,MIA,2214,14,751,4,18,3
WN,JFK,LAX,959,7,1194,2,5,5
AS,MIA,ORD,2241,82,145,12,24,7
AA,ORD,DFW,2282,104,1170,11,28,2
B6,JFK,ORD,1173,81,1545,5,26,2
B6,DFW,SFO,815,116,2296,5,8,3
B6,SFO,JFK,403,122,555,11,3,1
WN,ATL,DEN,892,0,1762,7,2,2
AS,SFO,MIA,67,31,1065,1,25,4
WN,JFK,MIA,87,142,2120,4,19,4
DL,SFO,ORD,2264,76,968,11,8,2
DL,DFW,DEN,2048,30,1628,5,2,2
AS,DFW,MIA,1158,62,1100,8,19,3
WN,JFK,DEN,1720,34,873,12,1,5
AA,ORD,DFW,1374,56,2391,12,27,3
B6,SFO,ATL,2187,106,2621,8,22,5
B6,ORD,JFK,2180,151,2529,1,13,4
AS,ORD,DEN,1643,172,1226,5,23,5
DL,MIA,LAX,177,72,2636,10,20,3
DL,LAX,SFO,1381,67,1160,1,17,2
B6,JFK,LAX,907,59,1777,1,3,5
AS,ATL,MIA,585,132,1643,2,9,3
WN,DFW,DFW,989,71,496,2,5,4
DL,DFW,DFW,1131,26,2443,9,6,6
WN,JFK,LAX,2169,163,206,4,4,5
DL,MIA,JFK,2064,17,1053,3,17,4
DL,DEN,LAX,1219,118,2677,11,21,4
UA,DEN,ORD,317,174,1948,1,21,1
DL,DEN,MIA,1502,-6,1033,12,21,6
AA,MIA,MIA,2034,-20,387,2,16,5
AS,ATL,LAX,2042,114,805,6,16,3
AS,DFW,SFO,502,-20,2143,9,22,5
WN,JFK,SFO,2022,28,1584,5,11,5
DL,MIA,MIA,118,75,314,4,2,6
AA,DFW,ATL,709,136,1404,5,17,7
WN,ORD,SFO,44,5,2879,9,15,4
UA,SFO,LAX,313,66,2077,12,18,4
WN,SFO,SFO,417,152,1582,7,10,4
WN,MIA,MIA,1101,72,1924,8,6,4
DL,DFW,JFK,325,81,443,4,21,6
UA,LAX,DEN,1439,50,293,11,16,3
WN,ATL,SFO,1986,119,257,8,5,2
AA,DEN,ORD,2261,74,564,6,12,1
AA,ATL,JFK,73,139,2251,5,28,7
AS,ATL,ATL,1602,97,2181,12,6,7
UA,MIA,ORD,508,127,2786,7,14,4
UA,ORD,LAX,687,98,1849,6,26,4
AS,ATL,DEN,656,30,2472,3,23,1
WN,SFO,LAX,1542,60,2838,5,16,4
UA,ORD,DEN,1292,15,691,9,25,2
AA,JFK,DEN,1399,46,2288,7,7,7
AA,ATL,LAX,1552,108,2621,12,2,5
DL,ATL,ORD,1075,93,1154,4,6,1
UA,JFK,ORD,324,134,983,7,9,7
WN,ATL,DEN,991,90,162,5,7,3
AS,JFK,ORD,1993,147,1210,11,2,7
AS,ORD,DEN,716,121,403,2,19,1
WN,SFO,MIA,276,79,1184,6,8,2
B6,JFK,DEN,151,176,495,7,11,6
DL,LAX,MIA,954,88,433,8,25,3
AS,MIA,JFK,1506,99,2933,6,4,5
UA,MIA,DFW,258,58,510,8,16,4
DL,JFK,JFK,868,113,2431,7,25,1
UA,MIA,LAX,1191,140,565,2,18,3
AA,ATL,DFW,687,162,179,6,13,1
DL,DEN,SFO,309,-2,2931,9,27,5
AS,DEN,LAX,1502,106,1200,12,5,1
DL,MIA,ATL,472,8,2077,6,27,7
DL,ORD,JFK,813,168,832,4,2,7
DL,DFW,ORD,845,177,1917,7,11,3
B6,ORD,JFK,1164,3,1663,3,1,2
DL,DFW,ORD,666,130,1484,5,13,6
UA,DEN,DFW,2309,-11,2224,1,5,3
AA,DEN,ATL,1808,161,2656,10,18,1
WN,JFK,DFW,1443,84,1287,3,14,5
DL,SFO,ATL,1767,148,1298,8,13,7
AS,LAX,JFK,1264,156,2609,9,7,4
DL,ORD,ORD,354,124,1711,9,8,4
AS,ATL,DFW,1872,163,2392,10,18,5
UA,DFW,ATL,2024,152,221,2,7,1
AS,MIA,DEN,179,137,284,4,20,6
WN,ATL,LAX,65,151,131,5,17,5
AA,SFO,LAX,819,34,1097,3,16,1
AS,DFW,DFW,1371,126,2086,11,11,3
AS,ORD,ORD,170,136,2909,1,19,6
AA,JFK,DEN,1390,-19,668,6,27,2
WN,ATL,DFW,1130,143,2457,10,28,1
DL,SFO,JFK,834,126,1495,2,1,4
AS,ORD,ATL,226,114,1779,9,21,4
AA,DEN,MIA,441,133,929,1,8,7
UA,DEN,JFK,727,90,1719,11,1,6
AA,ORD,LAX,1604,17,1179,9,9,2
UA,ORD,ATL,2131,110,890,7,19,1
WN,ORD,DFW,1036,81,2611,11,21,2
DL,DFW,JFK,1832,173,2825,10,9,7
AA,ORD,SFO,1848,74,2817,2,21,3
B6,ATL,MIA,492,71,2845,6,25,2
AS,SFO,ORD,1548,50,1093,8,10,3
WN,DFW,DEN,1143,150,177,2,24,4
AA,ORD,DEN,969,169,2681,5,23,3
AS,LAX,ORD,2087,178,207,12,11,1
AA,MIA,SFO,639,3,1396,11,1,6
UA,LAX,LAX,172,146,2911,6,20,6
AA,SFO,ATL,1570,47,2162,3,25,1
B6,DEN,ORD,258,107,469,12,26,1
AA,JFK,SFO,516,72,2352,2,8,1
AA,JFK,DFW,522,23,2104,11,20,5
B6,MIA,MIA,1917,112,1803,6,12,7
WN,DEN,DEN,2164,34,540,3,1,3
AA,DFW,MIA,2231,137,326,2,10,1
B6,DFW,SFO,1929,8,2675,1,4,6
AS,DFW,MIA,1139,133,2501,8,15,2
UA,JFK,LAX,2209,133,722,1,19,2
UA,LAX,LAX,838,16,1124,12,6,5
AA,JFK,JFK,1089,94,1676,5,27,3
WN,ATL,ORD,1093,160,1743,11,5,3
WN,ORD,JFK,1969,137,1284,6,5,7
AS,DFW,MIA,1574,-18,260,11,18,3
AA,LAX,DEN,1580,101,970,12,28,6
UA,SFO,SFO,1114,22,1845,12,3,6
WN,MIA,ATL,749,-14,1274,3,27,7
AA,SFO,MIA,1093,104,543,7,22,5
WN,ORD,ATL,1189,28,1890,2,2,3
B6,LAX,LAX,2261,100,1594,7,4,3
WN,JFK,ATL,1875,52,562,2,18,1
UA,JFK,ATL,1787,20,572,5,9,3
DL,ATL,DEN,1607,85,2704,7,19,6
AS,ATL,ATL,48,56,179,11,26,1
AS,JFK,MIA,1075,161,1162,11,10,1
UA,SFO,SFO,1312,106,339,3,22,3
WN,MIA,ATL,1649,176,656,11,15,2
AA,DFW,DFW,2180,70,689,4,1,4
WN,SFO,ATL,1189,134,1460,1,11,6
UA,MIA,ATL,1397,-13,1984,3,14,2
AS,ATL,JFK,1828,11,2075,9,10,3
WN,ORD,SFO,478,43,1403,10,19,3
AS,MIA,MIA,831,117,1239,5,24,2
AA,JFK,LAX,1614,-8,2416,8,21,3
AS,ATL,JFK,681,170,2039,2,16,6
AS,ATL,MIA,1323,72,434,3,8,7
DL,DFW,ORD,81,142,411,7,2,1
DL,JFK,SFO,86,40,1176,10,23,5
B6,DFW,DFW,2272,161,2841,4,25,3
DL,JFK,SFO,2063,-13,133,9,7,3
AS,DFW,ORD,821,8,1941,7,19,2
UA,MIA,ORD,162,74,485,11,7,1
AS,SFO,ORD,1932,20,348,12,15,2
UA,ORD,DEN,1850,137,1234,1,8,7
UA,ORD,LAX,1860,128,1533,4,14,6
DL,JFK,ATL,1115,-10,1302,10,1,2
WN,LAX,SFO,2228,-19,893,11,13,3
AA,DEN,MIA,1882,157,951,6,3,1
DL,ATL,DEN,922,148,475,6,21,6
DL,ATL,MIA,2175,173,823,10,28,3
WN,JFK,ATL,1449,110,1710,6,6,6
AA,MIA,ATL,1582,59,2013,5,19,3
AS,DFW,DFW,564,158,301,3,15,3
B6,LAX,ORD,470,175,2592,2,4,3
B6,SFO,LAX,987,66,2042,3,21,5
AS,DFW,DFW,1934,132,2444,9,3,4
DL,DFW,JFK,223,137,1431,3,4,1
AA,JFK,DEN,2201,85,592,3,5,7
DL,JFK,DEN,350,118,437,1,18,5
UA,MIA,LAX,1928,-4,2068,2,26,4
DL,ATL,ATL,348,133,1965,11,25,6
DL,JFK,MIA,181,2,891,12,10,4
AS,JFK,DEN,636,163,1616,3,8,4
AS,JFK,LAX,1017,159,2122,2,12,5
AS,MIA,DEN,2226,27,2464,8,22,1
B6,ATL,DEN,771,-1,1041,6,26,2
UA,SFO,ORD,1015,-19,2773,7,27,4
AS,SFO,JFK,2111,67,2222,1,3,2
AA,DEN,ORD,28,10,158,6,27,2
B6,DEN,JFK,2144,134,2533,2,18,3
WN,JFK,DEN,1893,109,2162,6,23,2
AA,DEN,DFW,1465,57,1354,3,8,6
AA,ATL,MIA,1226,-17,2346,7,26,6
AS,MIA,ATL,2068,120,1477,3,1,3
WN,SFO,DEN,1125,142,134,9,14,1
WN,DFW,JFK,65,107,261,3,22,7
B6,SFO,JFK,1134,179,2946,7,23,1
WN,SFO,JFK,337,173,994,12,13,6
UA,ATL,DEN,2170,113,570,4,25,7
AS,DEN,LAX,1728,10,2678,8,12,3
WN,DFW,DFW,446,117,2939,2,3,1
B6,ATL,LAX,280,0,2999,8,18,7
UA,JFK,ATL,595,2,1546,9,21,7
DL,MIA,DEN,1986,110,447,8,13,4
DL,ORD,JFK,1074,139,793,6,15,1
UA,SFO,DFW,209,127,1034,10,10,3
B6,ORD,DFW,125,8,1012,1,1,7
UA,MIA,SFO,491,84,246,7,6,6
AS,MIA,ATL,969,31,1811,1,9,4
AS,ATL,MIA,580,94,774,7,10,2
DL,ATL,MIA,2305,153,1539,2,15,2
WN,ATL,DFW,1211,141,2834,8,9,2
B6,ORD,DEN,229,80,1617,2,23,6
DL,ATL,JFK,188,63,1379,3,14,7
WN,MIA,JFK,2057,40,785,12,11,3
WN,JFK,DFW,501,104,1226,3,7,2
AS,ATL,LAX,2132,179,220,1,24,1
AA,LAX,ATL,48,50,2566,5,26,2
AA,DEN,JFK,688,49,2497,5,2,7
UA,ORD,DFW,386,118,141,10,14,5
AS,LAX,JFK,969,87,128,5,6,6
WN,ATL,MIA,1005,170,1065,9,5,5
B6,MIA,DFW,2265,0,2015,6,5,2
AA,JFK,ATL,1724,110,2932,6,19,7
WN,SFO,DFW,2004,61,2100,3,19,2
AA,DFW,SFO,2302,67,2161,5,6,5
AA,DEN,DFW,2283,90,1019,10,28,7
AA,DFW,DFW,1607,-11,917,7,26,6
B6,ATL,DEN,1789,134,2972,3,10,6
AS,DEN,MIA,270,-9,1608,2,23,2
B6,DEN,ATL,122,-14,1312,5,14,6
DL,JFK,DEN,1280,124,971,3,17,4
WN,DEN,DFW,1444,172,394,5,3,7
AS,ORD,ATL,258,171,963,9,28,7
AS,LAX,SFO,947,93,2695,11,1,6
AS,LAX,ATL,2094,5,1137,10,10,7
AS,LAX,JFK,862,-6,2782,1,3,5
B6,ORD,DEN,524,12,694,4,5,3
AS,DFW,ATL,887,41,1282,10,25,5
UA,JFK,MIA,207,26,1617,5,19,1
WN,DEN,SFO,148,74,1452,2,10,4
AS,ORD,ORD,437,14,713,12,26,3
WN,LAX,DFW,2202,172,1972,2,25,2
UA,ATL,ATL,1721,179,1703,1,16,7
UA,SFO,DFW,357,55,1683,8,1,1
WN,DEN,LAX,1240,102,1692,2,6,1
AA,ORD,JFK,1930,62,1255,3,9,4
DL,MIA,DEN,455,4,564,12,28,3
AA,ORD,JFK,1632,36,1579,2,5,1
AA,JFK,LAX,628,11,1390,4,27,3
B6,JFK,LAX,485,42,2946,1,14,3
AA,ORD,DEN,199,-9,2542,3,10,6
AS,LAX,ATL,370,42,2393,5,2,1
B6,SFO,LAX,1013,56,667,10,5,3
B6,DEN,ORD,1982,71,137,1,1,4
UA,JFK,DFW,1471,-20,344,4,25,1
AA,DEN,DFW,247,158,120,6,10,4
UA,LAX,SFO,787,49,1233,4,26,4
WN,DEN,MIA,2311,115,1729,7,25,3
DL,ATL,LAX,2078,175,493,7,22,3
B6,JFK,LAX,1521,112,1533,6,27,6
WN,LAX,ORD,1272,65,1086,9,9,7
WN,LAX,JFK,604,18,1771,2,3,6
AS,SFO,JFK,1689,2,2155,10,15,1
DL,SFO,DFW,1417,47,2475,8,4,6
WN,ATL,DFW,1820,159,2010,8,13,2
WN,LAX,ATL,501,-17,389,11,6,1
DL,DFW,DEN,548,105,1886,10,20,4
DL,LAX,MIA,1365,154,2658,11,17,6
WN,SFO,ORD,838,0,1011,4,23,6
DL,DFW,DEN,1430,163,460,6,5,7
WN,JFK,DEN,1448,84,1722,11,15,6
WN,JFK,SFO,847,45,2863,6,8,3
AS,DEN,DEN,613,166,318,5,25,4
AA,ORD,SFO,411,-14,2553,1,5,6
WN,SFO,DEN,677,28,2115,3,24,5
UA,ORD,ORD,158,-5,2140,7,13,5
B6,DFW,SFO,2061,124,2144,8,1,4
AA,SFO,JFK,372,63,2900,2,1,6
AA,ATL,SFO,2272,66,931,3,7,7
AA,LAX,SFO,1096,77,1893,4,22,2
AS,ATL,ORD,602,54,1891,11,5,7
WN,DFW,ORD,215,13,2941,5,14,2
AS,SFO,SFO,1996,140,1343,3,15,1
WN,MIA,MIA,1564,5,694,5,21,1
AS,DFW,LAX,1840,45,2254,8,25,7
AS,MIA,MIA,1962,104,680,8,17,6
B6,LAX,ORD,726,42,2756,2,24,7
UA,JFK,MIA,1244,66,1847,6,18,1
AS,JFK,MIA,1065,20,2155,4,7,3
B6,DFW,ATL,675,165,2953,9,22,2
DL,ORD,ATL,282,77,2336,10,26,4
UA,SFO,JFK,1081,103,180,2,18,7
AS,SFO,DEN,1908,58,2255,8,28,6
AA,JFK,SFO,1152,-11,1444,1,19,6
DL,DEN,LAX,947,-6,1702,11,20,5
DL,ATL,JFK,664,21,2833,6,7,2
B6,DEN,SFO,1717,72,445,11,8,2
DL,LAX,MIA,1148,164,1986,11,13,2
UA,ATL,ORD,66,-4,2475,12,27,7
AS,ATL,ATL,2053,167,654,10,18,1
AS,DFW,DFW,636,-12,401,1,24,3
AA,JFK,LAX,313,93,299,2,11,7
B6,DEN,MIA,564,15,1162,3,9,4
AA,DEN,DFW,1601,15,406,9,23,1
DL,JFK,ATL,825,27,1756,5,1,7
AA,DEN,MIA,1105,30,1971,10,22,3
UA,MIA,DEN,1025,76,2615,10,8,2
AS,JFK,DEN,2251,98,2326,12,21,3
DL,DFW,DFW,661,74,2792,2,12,1
AA,ORD,ORD,804,49,1946,10,2,7
B6,ATL,MIA,535,53,1864,5,15,2
UA,DFW,SFO,1391,59,375,5,21,7
UA,SFO,MIA,1235,47,1275,1,24,1
AA,LAX,ORD,1920,129,1501,3,18,4
AS,ORD,MIA,2164,56,2768,5,17,2
AA,SFO,DFW,627,95,737,9,15,3
DL,ATL,ORD,748,-15,1875,10,20,1
AA,DEN,ATL,104,133,1029,1,20,5
UA,JFK,LAX,45,54,1980,8,9,3
AA,ATL,ORD,1354,67,282,1,3,3
AS,DFW,MIA,1239,-18,1944,9,20,2
B6,LAX,ATL,981,31,171,6,19,7
WN,DFW,LAX,959,53,2866,1,18,6
AA,ORD,DEN,1515,104,1776,8,20,3
AS,ORD,SFO,1836,167,1395,5,8,1
AS,LAX,DFW,1481,170,2873,7,1,5
B6,MIA,MIA,1559,44,2416,7,24,4
UA,SFO,MIA,1507,31,1143,7,24,5
AS,SFO,DEN,2063,55,2725,6,15,1
AS,ORD,SFO,2000,121,914,11,19,2
AS,ORD,DEN,2290,68,1626,8,26,1
AS,DEN,JFK,1973,51,2294,9,10,6
DL,JFK,DEN,911,47,409,12,12,6
DL,DEN,ATL,1294,135,2665,2,28,6
UA,DEN,LAX,1802,178,2161,7,6,3
AA,MIA,MIA,1753,117,231,2,13,2
AS,SFO,DEN,114,94,1977,6,4,7
B6,MIA,MIA,1603,36,2902,2,13,6
AA,MIA,ORD,1322,45,2586,10,17,7
B6,LAX,SFO,1860,69,2890,6,1,4
AA,SFO,DEN,1098,29,839,2,5,4
UA,JFK,LAX,977,-7,894,1,28,7
AS,DFW,ATL,1505,-5,2410,7,24,1
AS,ORD,JFK,1126,161,2790,3,17,6
WN,ORD,MIA,296,150,357,12,18,3
B6,JFK,SFO,2225,21,1357,4,7,4
AA,MIA,DFW,1062,89,2556,6,16,5
AA,DEN,LAX,258,1,1951,5,8,2
DL,LAX,DFW,2054,47,1074,4,12,5
WN,MIA,LAX,2096,-2,1147,9,14,7
DL,ORD,LAX,2208,45,370,6,19,4
DL,ATL,ATL,1892,146,1218,6,11,4
DL,DEN,ATL,175,52,241,2,12,1
B6,ORD,ATL,1000,126,1001,6,13,1
B6,ATL,DEN,1918,123,373,7,8,6
UA,MIA,ORD,1667,33,2423,8,1,7
UA,JFK,LAX,275,132,564,8,9,2
DL,JFK,SFO,675,91,1331,9,28,6
WN,DEN,DFW,1823,-3,1419,10,2,1
AA,ORD,ATL,1051,130,387,11,14,3
B6,SFO,DEN,1356,96,975,12,13,2
WN,ATL,ATL,2103,64,2092,3,16,3
AS,LAX,DFW,546,118,2327,10,2,6
B6,ORD,DFW,1135,18,1220,7,4,1
B6,LAX,MIA,2083,84,1314,7,12,2
UA,ORD,LAX,2040,47,546,1,16,6
AA,SFO,ATL,438,4,2932,8,10,4
AA,SFO,DFW,1752,170,2708,4,3,6
AS,DEN,ORD,1615,137,2631,5,4,7
AS,DEN,ORD,1849,152,2996,6,6,5
B6,SFO,ATL,1600,102,821,3,23,4
DL,DFW,DEN,1663,100,2263,5,5,3
UA,SFO,DFW,306,40,2682,10,18,4
UA,JFK,MIA,618,79,1451,5,3,6
B6,JFK,LAX,1132,30,506,1,10,4
WN,DFW,LAX,1395,77,1825,3,11,5
DL,MIA,DEN,2228,116,793,3,19,7
B6,ATL,MIA,1379,-19,594,1,14,6
DL,MIA,LAX,1699,-16,1047,7,21,5
DL,LAX,MIA,2115,169,122,1,28,4
DL,MIA,JFK,2339,176,1228,7,11,5
B6,ORD,ATL,180,159,1798,4,28,4
UA,MIA,LAX,1487,65,657,9,21,2
UA,ORD,ORD,913,112,1716,7,4,4
DL,DFW,DFW,1557,166,1040,5,24,1
WN,JFK,MIA,2113,47,1345,7,22,5
AA,DEN,MIA,1044,-12,1756,9,6,7
B6,ORD,SFO,1635,72,177,10,17,5
AA,JFK,DEN,1638,129,1445,6,22,3
WN,ATL,SFO,1582,134,906,1,19,7
B6,LAX,LAX,2086,117,1141,6,13,7
DL,ATL,SFO,1308,104,867,1,22,3
UA,DFW,SFO,821,40,553,12,10,1
AA,MIA,JFK,601,30,2424,4,11,5
AS,MIA,MIA,1620,-11,1547,8,6,7
AS,SFO,ORD,784,113,1599,5,2,5
WN,SFO,DEN,1211,41,1150,5,1,7
DL,SFO,ORD,670,92,2661,10,11,3
AA,ATL,JFK,1266,112,1988,11,16,3
DL,ORD,JFK,1096,101,2611,8,3,4
AA,LAX,SFO,1997,177,2954,8,5,6
WN,SFO,ATL,100,170,2971,1,15,5
WN,DFW,MIA,1779,102,462,5,15,5
AS,DFW,DFW,175,163,2898,12,4,7
DL,SFO,MIA,237,166,624,5,23,4
B6,MIA,DFW,1122,42,1317,8,4,5
AS,SFO,SFO,1977,90,1585,1,8,7
DL,LAX,DFW,2003,68,2203,7,7,1
AS,SFO,JFK,1537,166,1353,7,26,3
B6,LAX,ORD,754,30,2636,9,25,3
UA,DFW,DFW,2258,157,1955,2,17,6
UA,SFO,MIA,1146,111,821,3,15,3
UA,ATL,DEN,1411,83,2083,4,5,2
UA,DEN,SFO,139,102,1307,1,13,1
AA,ATL,ATL,540,27,1548,7,4,1
UA,DFW,SFO,1414,11,1498,10,22,4
B6,LAX,LAX,269,99,2188,3,17,2
WN,ATL,SFO,1035,158,1607,3,22,5
WN,LAX,JFK,1890,159,1103,3,17,6
AA,ATL,ORD,505,78,2407,8,14,1
UA,ATL,ORD,1129,53,2588,9,14,2
UA,LAX,DEN,2079,13,1025,10,17,2
UA,ORD,DFW,1872,143,955,2,8,7
AS,ATL,JFK,1092,49,183,10,2,1
DL,SFO,LAX,812,150,2193,10,26,7
AS,DEN,JFK,361,89,2587,1,13,4
DL,DFW,SFO,1456,-5,1642,9,22,2
UA,ORD,JFK,928,38,1085,6,16,3
UA,LAX,JFK,99,160,1968,9,16,2
AS,ORD,DEN,1681,-2,235,6,6,5
AS,JFK,LAX,2056,74,1306,2,22,1
DL,JFK,SFO,1052,92,1832,1,24,5
WN,ATL,ATL,920,20,1295,8,4,4
DL,ATL,DEN,631,60,1008,3,3,6
AS,SFO,ATL,681,154,2935,1,6,3
B6,DEN,DEN,2204,82,689,8,4,1
AS,DFW,ORD,2307,33,2051,12,18,2
B6,ORD,MIA,2129,162,1055,1,6,3
AA,JFK,DEN,753,74,2837,8,26,2
AS,ATL,DFW,1464,126,2686,1,5,4
AA,MIA,JFK,719,41,1243,9,27,6
WN,MIA,ORD,74,78,1431,9,9,1
DL,DFW,LAX,1293,72,2855,12,11,4
B6,ORD,ATL,1922,166,1653,9,6,4
DL,ATL,MIA,61,44,2442,3,16,6
AA,ATL,MIA,873,47,1906,4,19,4
B6,JFK,DEN,319,7,2200,5,11,4
DL,JFK,JFK,2149,-3,905,6,21,2
AS,ATL,LAX,1452,5,1555,9,15,7
UA,LAX,DFW,873,83,151,11,26,5
AA,ATL,LAX,1745,126,2875,12,24,2
DL,DFW,JFK,2302,34,171,4,9,6
AA,ATL,DFW,1555,98,127,6,24,3
AA,SFO,LAX,111,103,568,1,19,6
B6,DEN,DFW,460,164,863,2,25,6
B6,SFO,DEN,886,113,2694,8,19,6
UA,SFO,DEN,1115,108,1524,4,24,6
AS,LAX,JFK,1075,-13,2348,10,26,4
AA,LAX,JFK,519,30,919,7,9,6
DL,MIA,DFW,811,64,1589,4,23,3
WN,ATL,SFO,2283,4,1775,9,4,6
AA,SFO,ORD,1924,154,659,9,10,2
AA,LAX,MIA,1604,162,478,4,9,4
UA,JFK,LAX,926,171,2018,8,19,2
AS,ATL,LAX,556,62,1175,6,15,4
WN,DFW,SFO,2281,72,178,1,19,2
B6,DEN,SFO,1055,96,1508,7,2,1
B6,ORD,SFO,578,117,933,1,10,5
DL,ATL,ATL,541,35,1131,3,19,5
WN,ORD,ATL,2161,-9,2172,8,17,4
B6,SFO,DFW,2251,140,549,9,20,1
DL,DEN,ATL,1052,99,2915,3,24,3
AS,ORD,DEN,473,50,2902,1,21,1
DL,SFO,DEN,2300,-4,2092,1,2,7
B6,JFK,JFK,904,168,1584,7,19,4
UA,ORD,MIA,1945,101,2345,5,17,1
UA,DEN,DFW,385,103,1842,1,18,3
UA,MIA,MIA,61,-11,2070,6,17,4
B6,ATL,LAX,514,10,2584,6,2,5
UA,SFO,ORD,429,39,1650,4,19,6
WN,ATL,JFK,579,49,789,7,1,1
AS,DEN,LAX,1560,-4,2090,7,11,5
DL,LAX,LAX,1164,29,1501,12,25,5
DL,SFO,DFW,1323,16,686,9,10,2
B6,ORD,SFO,2358,169,2251,12,5,3
UA,SFO,SFO,470,97,1929,1,16,7
UA,ATL,MIA,1416,179,2085,5,24,6
AA,JFK,JFK,1665,136,726,10,5,1
AS,SFO,SFO,1468,139,2131,3,24,5
WN,ORD,LAX,808,59,2605,7,23,5
DL,LAX,SFO,171,-10,463,4,12,7
AA,MIA,ATL,30,113,2282,4,4,3
AA,DFW,SFO,46,102,473,12,23,6
B6,JFK,LAX,129,14,2186,1,6,6
DL,MIA,MIA,977,12,2087,1,19,7
B6,LAX,DFW,1645,-3,2966,10,9,5
WN,SFO,JFK,1604,144,2194,2,12,5
AA,ATL,ORD,57,-8,2183,2,26,5
AA,DEN,SFO,1129,69,2242,1,15,5
AS,ATL,DEN,1353,89,1484,8,16,2
WN,MIA,DEN,767,171,1648,6,13,2
AA,ORD,MIA,682,-20,1269,6,25,7
WN,ATL,LAX,2008,42,2040,10,21,6
DL,JFK,ORD,2333,13,467,10,24,4
UA,ATL,ORD,1790,82,164,9,7,1
AA,ORD,ATL,1477,-11,853,5,25,3
AS,DFW,ORD,885,107,1643,4,23,4
DL,SFO,DEN,396,-14,2135,11,20,2
WN,DEN,DFW,1538,35,2963,6,4,2
B6,MIA,LAX,2073,59,1976,8,11,2
DL,SFO,LAX,312,144,1678,1,8,4
AA,ATL,SFO,2173,136,855,7,6,2
WN,LAX,SFO,1588,-9,2328,8,25,4
UA,SFO,SFO,1221,124,1624,9,10,2
DL,DFW,DEN,810,27,696,11,7,5
AA,ATL,DEN,2235,5,2934,8,7,5
AS,DEN,MIA,2032,91,2774,7,4,1
B6,ORD,DEN,1507,101,1934,3,3,2
WN,DFW,DEN,449,-9,2763,2,24,7
DL,ATL,DEN,1894,128,1495,3,7,1
DL,DFW,DEN,1377,21,1686,4,4,4
UA,SFO,DFW,596,40,211,4,13,1
UA,DEN,DEN,2147,37,552,6,20,2
AS,ORD,MIA,615,161,2903,12,17,4
B6,ATL,ORD,947,13,2731,7,27,7
AS,JFK,ORD,1581,-14,2286,12,7,4
AA,MIA,ATL,555,88,1971,4,17,5
AA,ORD,DFW,277,14,2378,10,26,4
AS,JFK,SFO,2013,-6,1362,6,26,4
B6,DFW,JFK,490,172,352,9,4,1
AS,LAX,DEN,254,4,2104,6,11,7
B6,ORD,ATL,891,38,1559,3,3,6
B6,DFW,JFK,541,58,2042,1,11,4
WN,JFK,MIA,1287,65,2708,11,3,3
B6,SFO,ORD,1633,113,1426,10,12,6
UA,SFO,ATL,824,159,2219,10,1,5
B6,LAX,MIA,1352,67,1957,5,4,7
B6,MIA,ATL,280,128,2369,10,14,7
B6,ORD,LAX,1298,50,1200,10,1,5
AA,ORD,MIA,772,100,161,3,14,4
UA,ORD,ORD,327,72,1594,8,13,1
UA,MIA,ORD,2258,75,1280,10,13,6
AS,DFW,DFW,922,11,905,1,24,5
WN,DEN,ATL,551,32,2272,11,15,5
B6,DEN,DEN,2073,38,2888,2,17,3
DL,LAX,ORD,2074,48,1975,3,12,4
WN,ORD,ATL,701,169,2308,3,22,6
WN,DFW,DFW,1919,111,640,12,23,5
UA,SFO,DEN,166,65,725,8,26,7
WN,JFK,MIA,168,-3,1714,5,14,5
B6,DFW,DFW,228,60,205,8,12,5
B6,MIA,LAX,2002,93,1254,11,18,5
AA,DEN,DEN,366,163,1808,11,4,1
B6,DEN,ATL,527,3,2923,6,27,2
B6,SFO,ORD,790,45,2008,12,14,3
UA,SFO,ORD,523,120,2149,2,19,7
B6,MIA,ATL,1095,41,2380,11,13,1
AA,JFK,ATL,1668,33,468,4,25,3
DL,SFO,ATL,2153,122,1374,9,23,5
UA,LAX,SFO,1908,176,1045,4,18,3
DL,JFK,DEN,1305,110,2327,5,11,4
UA,SFO,ORD,132,16,392,5,28,4
AS,ATL,DEN,2316,16,683,10,6,2
WN,DFW,DFW,1642,110,2942,8,9,2
AS,SFO,ORD,1888,170,2322,6,12,3
B6,LAX,SFO,1770,14,2270,10,19,1
DL,ORD,ATL,17,159,2374,7,14,1
B6,SFO,LAX,1777,103,2591,6,15,5
WN,DEN,ATL,116,135,2575,5,11,1
UA,DEN,MIA,797,-3,864,5,6,2
WN,DEN,ATL,1711,101,2779,3,14,1
AA,ORD,SFO,752,143,2212,7,3,5
WN,DEN,DEN,1392,140,1404,10,19,4
AA,ATL,ORD,2097,171,1514,5,20,1
WN,SFO,ATL,677,133,527,7,25,1
AA,MIA,ORD,105,27,2765,2,11,2
DL,DEN,JFK,657,147,2114,9,24,3
B6,JFK,DFW,1946,-4,2959,8,17,4
B6,MIA,DEN,1448,147,206,5,28,3
AS,ORD,ORD,1095,114,758,2,27,5
B6,ATL,LAX,987,36,1282,6,17,5
UA,JFK,DFW,1808,-13,2412,8,23,3
WN,JFK,MIA,1782,107,1325,7,3,2
AS,JFK,MIA,445,96,254,8,14,6
UA,JFK,LAX,1948,35,995,4,27,2
UA,MIA,ATL,2117,105,1621,3,7,6
AA,MIA,DFW,1997,138,1720,7,25,6
B6,SFO,ORD,2197,38,1092,2,19,2
DL,DEN,DFW,773,37,2392,5,3,6
DL,DFW,ATL,1561,119,1423,7,2,6
AS,SFO,SFO,1675,155,1485,1,26,6
DL,SFO,DEN,1122,138,2533,4,17,4
WN,ATL,LAX,1301,87,2906,2,9,5
DL,ATL,ATL,1586,170,2561,6,22,6
AS,DEN,SFO,1686,53,1401,12,6,5
DL,DFW,DFW,943,146,2862,1,24,7
WN,ATL,DFW,454,127,858,7,27,5
AA,DEN,ATL,1127,80,846,3,21,7
AS,DEN,ORD,945,27,692,12,9,4
AA,MIA,DFW,600,50,1648,1,27,5
AA,LAX,ORD,724,95,2986,8,5,3
AA,MIA,ORD,2280,161,115,7,2,1
UA,DFW,DEN,1417,101,1092,2,22,4
B6,ATL,ORD,1524,57,1168,7,15,1
UA,DFW,JFK,250,178,1444,3,9,3
B6,SFO,DEN,1544,8,2798,9,19,2
AA,SFO,SFO,78,72,2295,8,10,2
AS,DFW,SFO,897,52,2502,5,4,6
B6,LAX,DFW,780,79,802,7,10,2
WN,LAX,DFW,225,155,712,3,27,4
WN,MIA,ORD,1074,53,204,1,8,2
DL,DFW,DEN,1209,163,1597,1,22,4
B6,ATL,DEN,1057,74,495,11,13,4
AS,MIA,JFK,802,-4,2753,2,7,1
UA,ORD,ORD,741,116,2110,8,7,2
AA,LAX,JFK,2178,76,950,1,4,5
DL,JFK,MIA,703,141,2088,11,15,7
WN,MIA,ORD,1426,152,541,12,12,2
UA,SFO,LAX,614,-12,1768,5,16,2
UA,MIA,LAX,328,114,972,9,6,2
AA,DFW,ATL,1395,123,766,12,28,6
B6,JFK,ORD,1483,-2,1151,9,9,5
WN,DFW,DEN,132,113,2941,2,3,5
AS,DEN,DFW,834,93,2622,7,8,4
UA,SFO,SFO,120,118,727,11,7,5
AA,SFO,ATL,1475,104,1528,1,4,4
AS,LAX,DFW,964,40,2649,3,26,7
B6,MIA,LAX,128,21,447,6,13,1
WN,LAX,ORD,1598,-8,1363,9,19,4
B6,JFK,ATL,2076,119,1117,10,7,2
UA,MIA,ORD,1547,64,669,2,10,3
AS,DEN,LAX,332,-1,2842,7,25,3
AS,DFW,ATL,1153,29,2173,4,12,6
AS,DEN,LAX,1316,143,2052,2,26,2
UA,SFO,JFK,1196,71,2364,3,3,4
UA,JFK,LAX,1429,67,1451,6,26,2
B6,ORD,DEN,355,48,2984,10,25,6
DL,JFK,DEN,138,16,2921,9,24,5
B6,ATL,ORD,1526,119,769,8,12,4
WN,JFK,SFO,1197,78,817,10,19,7
AA,DEN,LAX,28,104,2457,11,15,2
AS,ATL,DFW,930,147,2746,9,8,5
DL,ATL,DEN,1013,33,366,4,12,6
AA,MIA,MIA,827,109,1538,12,20,5
DL,MIA,SFO,350,157,2793,4,6,4
B6,ATL,JFK,2024,20,1456,9,28,6
UA,ORD,ATL,298,24,1122,8,10,6
AS,MIA,ATL,1743,82,2137,12,2,6
B6,JFK,DEN,1865,85,2597,2,24,1
AA,DEN,SFO,1215,116,664,8,13,6
AA,JFK,DEN,1695,169,1370,1,25,1
AA,ORD,ATL,2111,107,1159,9,7,5
AA,SFO,MIA,754,65,1524,9,8,7
AA,LAX,LAX,769,26,127,8,23,1
DL,DEN,SFO,1238,-16,319,11,16,5
B6,MIA,ORD,833,-20,505,5,11,1
AS,DEN,LAX,2213,23,1737,5,26,5
UA,JFK,LAX,1906,129,1898,3,4,5
UA,LAX,LAX,1564,17,2418,5,17,7
B6,DFW,ORD,1218,-2,1859,4,16,6
B6,DFW,MIA,505,138,1774,1,19,7
UA,MIA,JFK,1357,94,891,9,23,7
UA,ORD,MIA,1460,174,1062,10,27,6
DL,DFW,MIA,1416,66,1409,4,11,5
WN,DEN,MIA,1172,149,933,3,7,6
AS,DFW,DFW,760,102,416,6,27,5
AA,SFO,DEN,832,61,1420,1,13,6
WN,SFO,ATL,1428,133,2485,5,19,3
B6,MIA,DEN,282,120,1430,7,17,1
UA,SFO,SFO,378,37,450,2,26,7
WN,DFW,MIA,197,125,610,10,25,5
AS,ORD,JFK,555,46,2672,9,28,2
B6,ATL,SFO,355,101,591,12,22,6
AA,ATL,DEN,1563,66,2031,6,13,6
AA,MIA,ATL,1040,110,1717,2,12,4
AS,LAX,ORD,378,34,2156,8,7,2
AS,ATL,DEN,679,68,1620,8,1,2
UA,ATL,LAX,1779,37,1683,1,1,7
AA,SFO,DEN,898,42,2708,12,20,3
B6,SFO,LAX,75,70,2587,1,23,1
WN,DFW,ORD,230,31,1675,1,14,3
B6,MIA,DEN,1739,105,2939,12,27,1
DL,LAX,JFK,961,3,1861,4,15,5
DL,MIA,JFK,2349,51,2091,4,11,7
AS,JFK,SFO,2262,-12,1368,8,24,3
UA,DEN,ORD,2116,89,2180,1,26,4
DL,LAX,MIA,392,144,1146,10,9,1
AA,LAX,JFK,1108,73,2992,3,17,3
B6,ORD,DEN,266,96,2713,11,4,7
B6,MIA,ORD,1092,62,148,1,20,4
AS,DFW,ATL,610,160,561,9,19,7
WN,ORD,LAX,1370,59,2737,10,7,2
AS,LAX,DEN,1008,131,435,12,1,6
WN,LAX,LAX,961,128,1481,9,9,5
AS,LAX,LAX,672,79,1245,7,13,7
AS,ATL,MIA,1700,19,458,12,24,5
AS,MIA,ORD,2162,82,2493,8,2,7
WN,DEN,ORD,2267,41,292,1,2,2
WN,DEN,SFO,30,177,1539,5,24,7
AS,ORD,LAX,1366,48,1500,2,27,7
DL,LAX,SFO,1400,121,855,1,15,3
UA,DEN,MIA,1153,88,1784,3,17,6
UA,SFO,LAX,616,149,2625,7,13,2
UA,MIA,SFO,538,157,927,1,7,4
WN,DEN,SFO,870,168,989,11,9,6
WN,DFW,ATL,100,-17,752,2,12,1
DL,MIA,SFO,1412,51,2555,2,3,3
UA,DFW,ORD,940,-4,2433,4,23,6
UA,DEN,SFO,340,93,2021,12,22,1
AS,SFO,LAX,1043,64,950,3,15,2
WN,DFW,SFO,37,36,210,3,7,7
UA,ATL,JFK,659,86,719,10,23,5
B6,DEN,DFW,2033,27,892,5,26,6
DL,ATL,LAX,1560,151,2197,3,1,6
B6,DEN,JFK,1656,152,1257,11,14,1
B6,JFK,MIA,1049,96,687,7,19,1
DL,JFK,LAX,453,140,2743,5,16,5
B6,JFK,ORD,1704,10,2817,4,10,1
UA,DFW,DFW,1346,91,1409,12,1,1
WN,ATL,DFW,818,26,2057,3,5,6
DL,ATL,ORD,772,113,2461,12,3,5
AS,ATL,DFW,12,87,2753,4,17,5
B6,SFO,ORD,920,51,396,12,18,7
DL,ATL,JFK,824,50,1729,2,26,6
AA,SFO,MIA,1314,141,668,1,21,7
AA,JFK,ATL,2308,87,1287,3,27,2
WN,JFK,LAX,2017,32,931,11,19,2
UA,DFW,ORD,1228,121,709,2,22,6
WN,DEN,LAX,696,-5,115,1,25,1
WN,JFK,MIA,949,150,1469,1,22,3
WN,DEN,JFK,1438,95,171,2,18,2
WN,DEN,ATL,68,52,369,9,16,2
AS,MIA,MIA,1781,53,386,5,2,6
AS,DFW,JFK,2247,60,165,9,15,7
DL,LAX,DFW,2263,-9,979,8,13,6
AA,LAX,LAX,1969,107,167,11,13,3
WN,ORD,DEN,211,49,1316,6,16,3
DL,MIA,ATL,507,126,1502,1,8,5
AA,DFW,DFW,2063,20,1073,10,11,6
B6,ORD,MIA,1521,160,607,5,8,2
UA,ORD,ATL,331,136,2984,12,22,7
AS,MIA,DFW,550,177,1225,1,10,7
B6,LAX,JFK,1624,38,985,7,23,4
AA,DFW,ORD,941,68,2941,10,1,4
B6,LAX,LAX,2303,171,2569,11,12,1
UA,ORD,SFO,727,3,2087,8,9,2
AA,DFW,SFO,879,123,874,8,5,4
B6,ORD,JFK,648,159,2625,7,9,7
AS,ATL,MIA,999,59,1025,2,16,2
AS,MIA,LAX,1521,113,219,5,18,6
DL,DEN,MIA,1612,144,2038,4,8,2
B6,DFW,LAX,1009,111,587,5,23,4
WN,DFW,JFK,1550,71,2225,10,11,7
B6,DEN,LAX,803,145,540,9,20,2
AA,ORD,ORD,213,148,561,4,19,3
AA,ATL,MIA,168,71,711,12,4,1
B6,SFO,JFK,977,60,1417,8,20,5
UA,DEN,ORD,1328,121,1759,8,26,7
AS,MIA,LAX,145,50,1016,2,10,4
AA,LAX,JFK,1798,158,2756,6,24,6
AS,ORD,LAX,515,44,105,5,13,5
AA,DEN,MIA,452,31,780,2,20,1
DL,DEN,JFK,59,9,2418,12,14,7
WN,DFW,LAX,527,164,1743,10,21,7
AA,LAX,MIA,1023,78,2958,4,2,3
AS,LAX,ORD,1564,137,2706,7,4,3
DL,MIA,DEN,1102,77,198,1,7,3
AA,LAX,ORD,432,21,625,9,19,3
UA,DEN,LAX,1176,118,2341,10,17,4
WN,SFO,JFK,400,6,1280,12,16,7
AA,JFK,SFO,2104,131,1789,1,13,4
DL,ORD,ORD,2233,146,1238,12,24,2
UA,JFK,ORD,604,51,495,5,24,6
B6,DEN,MIA,2205,-3,869,7,22,2
DL,JFK,DFW,1810,56,1926,8,23,6
DL,DEN,SFO,1463,24,1645,2,26,1
UA,JFK,LAX,1773,94,2892,4,27,2
DL,LAX,DEN,1553,66,782,2,18,1
UA,ATL,JFK,1096,119,1656,4,21,1
AA,LAX,DFW,928,156,114,6,12,1
UA,LAX,LAX,1951,138,2515,6,23,3
UA,MIA,ATL,1973,71,2785,12,25,5
WN,DFW,DEN,2064,1,1336,2,1,5
UA,DFW,ORD,1554,151,2847,11,15,4
UA,JFK,ATL,325,71,104,4,3,1
B6,DEN,ORD,994,171,2378,4,6,3
AA,MIA,ORD,612,56,2008,1,14,2
WN,LAX,ATL,595,4,1525,2,23,2
B6,MIA,DEN,920,87,1707,3,6,4
AS,JFK,MIA,841,158,2733,11,1,4
AA,DFW,ATL,1225,114,268,5,20,1
AA,ATL,LAX,343,88,2908,11,6,1
AS,ORD,DFW,1876,113,891,8,8,2
UA,JFK,DFW,858,3,1099,6,26,2
B6,MIA,ATL,1423,-2,251,3,15,2
DL,ATL,LAX,444,62,2371,6,14,2
WN,ORD,MIA,1788,94,603,7,16,5
DL,SFO,DFW,221,-12,1673,6,20,1
AS,JFK,LAX,591,91,2191,10,23,1
AA,JFK,MIA,1030,143,2844,6,16,2
AA,SFO,LAX,1295,81,603,1,27,3
WN,SFO,ORD,1017,147,942,3,19,2
AA,JFK,DFW,2063,131,450,7,24,6
AA,SFO,MIA,1447,27,2170,4,1,7
WN,LAX,DFW,2045,170,1759,12,4,7
B6,ORD,ORD,523,48,697,4,24,4
B6,ORD,ATL,2068,160,1166,7,10,6
WN,ORD,ORD,2275,161,2613,9,20,3
AS,LAX,DFW,1808,149,139,11,18,4
AA,DEN,DFW,1311,98,2450,2,2,7
AA,SFO,DEN,1306,24,274,9,4,3
AS,ATL,MIA,1089,104,1098,3,15,4
B6,SFO,ATL,1672,-7,1584,6,4,2
UA,JFK,ORD,436,136,2768,4,16,2
UA,DFW,MIA,828,113,1316,1,15,3
UA,MIA,JFK,258,114,2391,9,18,4
B6,MIA,MIA,2003,16,935,11,7,5
B6,ORD,JFK,1989,32,2427,6,15,3
AS,SFO,ATL,102,-3,1159,8,22,3
AA,ATL,ORD,992,17,2704,2,11,6
AS,JFK,ORD,768,166,997,7,19,1
AS,LAX,LAX,1124,108,1663,6,8,3
B6,DEN,DFW,1221,175,1146,2,24,5
UA,LAX,SFO,2273,23,2866,2,1,2
DL,ATL,DEN,236,26,1031,4,3,4
AA,JFK,MIA,1144,14,2238,4,5,1
B6,ORD,ATL,766,39,2537,3,18,4
UA,SFO,SFO,990,69,2697,8,12,2
DL,JFK,MIA,1759,31,1351,7,12,3
DL,MIA,SFO,2320,-13,1325,2,21,6
B6,DEN,ATL,2279,86,1473,3,27,5
WN,LAX,ORD,495,148,1161,10,26,1
AA,DEN,ATL,1047,110,2880,9,19,5
DL,DEN,MIA,1726,176,599,5,9,7
B6,ATL,SFO,2072,121,1822,2,11,5
B6,ATL,DFW,2335,75,2664,3,17,5
UA,SFO,DEN,337,5,2215,8,16,5
WN,ATL,DEN,1937,90,1863,4,4,2
AA,ATL,DFW,1817,177,2270,2,10,5
AS,JFK,DFW,136,102,1808,2,22,6
UA,MIA,ORD,2274,165,435,6,15,5
DL,ORD,MIA,319,147,1276,8,25,2
DL,SFO,JFK,1863,30,878,7,19,4
UA,JFK,ATL,915,102,1285,4,3,2
B6,ORD,DEN,1205,-16,2033,2,28,7
DL,DEN,DFW,1897,56,1566,9,21,7
WN,JFK,ATL,2133,139,2570,4,23,6
AA,DFW,DEN,925,-20,1661,9,5,6
WN,JFK,DFW,2100,161,1038,5,11,3
DL,ATL,MIA,1258,-10,903,12,24,2
AS,ORD,DEN,1982,160,2035,12,5,4
AA,SFO,ORD,432,-13,733,11,7,3
AA,SFO,JFK,998,132,1353,11,6,3
UA,ORD,JFK,2147,147,1182,7,26,1
UA,ATL,DFW,989,11,2243,12,13,5
AS,LAX,DEN,598,7,1385,5,2,3
B6,JFK,ORD,395,110,453,2,19,3
AA,ATL,LAX,414,107,1259,6,11,6
AS,DFW,ATL,938,41,1985,7,27,4
UA,MIA,ATL,1636,6,1918,11,20,3
UA,DEN,SFO,540,24,1066,6,5,7
AA,ORD,ORD,1649,84,2620,3,9,4
WN,MIA,DEN,1945,71,2577,10,6,5
DL,JFK,MIA,83,4,2684,8,17,7
UA,SFO,MIA,270,168,1269,3,19,6
B6,DEN,SFO,2291,23,1647,5,23,7
B6,MIA,DFW,387,153,2234,9,8,1
UA,LAX,DEN,213,121,208,11,7,1
WN,MIA,SFO,58,115,1468,5,5,5
WN,DFW,JFK,1625,155,1857,7,15,5
AS,SFO,ATL,842,121,1093,11,10,7
B6,ORD,DEN,1527,172,1617,7,24,6
AS,JFK,SFO,1729,59,1456,5,16,6
B6,ORD,JFK,122,61,921,2,9,2
DL,DEN,ORD,1436,114,1036,5,7,3
DL,JFK,SFO,1162,67,2796,7,11,3
AA,ATL,DFW,561,156,290,7,9,3
AS,LAX,DFW,2165,106,2096,4,17,4
UA,ATL,DFW,1737,34,1032,1,9,2
AS,ATL,DEN,904,120,241,6,3,7
UA,ORD,MIA,394,163,1992,3,22,3
WN,DEN,MIA,1726,35,2987,11,8,4
AS,LAX,ATL,1716,-6,2315,5,19,4
WN,MIA,SFO,934,164,665,4,20,1
DL,JFK,ORD,1101,37,1382,2,16,4
DL,JFK,SFO,1435,142,1562,12,7,5
AA,DFW,ATL,74,67,1234,7,28,6
AS,SFO,JFK,294,76,843,5,7,4
WN,DFW,ATL,20,123,772,7,20,5
UA,MIA,DFW,1038,-13,2986,9,25,5
DL,DFW,DEN,1234,152,630,4,13,1
DL,JFK,JFK,559,19,1413,5,3,7
UA,ORD,DEN,1109,161,661,9,12,1
WN,ATL,DFW,1172,-7,1633,10,24,4
WN,DEN,LAX,371,166,2322,11,8,1
AS,ATL,ATL,2027,32,401,4,13,1
AS,ATL,ATL,817,106,284,5,20,7
B6,LAX,ORD,1174,134,609,5,16,6
B6,JFK,SFO,1164,154,2966,8,7,3
AA,MIA,JFK,1092,59,1433,4,4,4
DL,MIA,MIA,1283,94,1469,4,12,7
AS,DEN,DEN,2011,113,2303,7,17,4
WN,ORD,JFK,845,34,2934,11,1,4
UA,LAX,ORD,1991,23,894,5,17,1
WN,SFO,ORD,520,-3,2579,6,2,6
DL,ORD,DEN,370,-5,1623,6,6,1
B6,DFW,MIA,1442,-9,860,12,12,5
WN,ORD,SFO,100,127,2294,6,26,2
AA,ORD,DEN,660,24,2628,10,11,2
DL,ATL,DEN,1681,171,534,5,21,7
B6,ORD,DFW,242,166,1642,5,11,2
UA,MIA,MIA,511,72,2138,9,18,7
B6,DFW,SFO,2273,1,1806,8,8,3
AA,DFW,ATL,1541,76,168,4,25,1
DL,JFK,DFW,2261,26,1729,7,7,5
UA,ORD,LAX,2114,8,2004,8,28,5
AA,ATL,MIA,395,24,2333,12,14,2
B6,ORD,SFO,611,56,2829,9,16,6
AA,SFO,ORD,1260,-12,2351,5,12,3
DL,SFO,DFW,1857,3,653,3,9,7
AS,ATL,SFO,769,-6,2160,4,20,3
AA,JFK,JFK,1422,143,2813,10,23,2
AA,JFK,DEN,406,-8,1397,6,21,7
B6,DFW,LAX,1872,70,2198,10,16,7
B6,DFW,ATL,1503,151,599,11,21,2
UA,LAX,DEN,2269,80,2516,5,19,1
B6,ATL,JFK,1179,50,2871,9,16,6
WN,ORD,JFK,653,179,2504,11,9,3
DL,DEN,LAX,1181,101,2994,11,13,5
DL,ATL,ATL,976,55,1629,3,26,2
AS,LAX,ORD,1439,143,2403,2,5,1
AS,DFW,DFW,1367,95,1611,6,22,5
DL,ATL,MIA,228,40,378,7,19,3
AS,ATL,ATL,2327,147,1182,5,10,2
UA,DFW,MIA,1893,105,545,1,7,7
B6,MIA,SFO,1313,134,2260,3,9,6
DL,LAX,JFK,1070,-20,935,3,25,2
AS,DFW,SFO,974,141,854,12,14,6
DL,JFK,ORD,1738,47,1945,4,15,1
WN,ORD,SFO,757,67,1692,10,13,1
AA,DFW,ATL,320,0,1612,6,10,3
B6,LAX,SFO,2321,140,1530,5,14,6
DL,SFO,ORD,555,114,2514,1,26,2
AA,JFK,ORD,843,172,1183,6,21,1
AS,SFO,ORD,1336,-18,2476,9,23,2
AA,DEN,ATL,1386,30,2875,11,12,3
B6,DFW,ORD,667,58,1690,1,28,6
DL,JFK,JFK,1942,74,2008,8,19,2
WN,ORD,DEN,2004,161,2867,8,6,5
AS,DFW,ORD,1930,102,2331,3,12,2
DL,ORD,SFO,745,166,1122,9,24,4
B6,MIA,DFW,674,-15,2458,11,13,4
AS,ATL,SFO,2163,136,1661,11,8,7
UA,SFO,DFW,1065,-4,276,8,16,3
AA,JFK,SFO,2327,96,946,3,2,3
B6,ORD,ATL,617,39,1348,10,22,3
UA,LAX,SFO,2165,129,1700,5,7,5
DL,ORD,ATL,2356,131,1704,3,12,6
WN,LAX,ATL,2147,104,2075,5,7,5
AS,DFW,ORD,2308,60,2156,9,19,7
AA,JFK,JFK,992,64,335,12,14,2
AS,ORD,DFW,1328,30,809,4,9,1
DL,DEN,ORD,1377,157,2832,6,18,6
AS,ORD,ORD,285,118,893,3,11,4
AA,MIA,DEN,2110,163,2955,3,16,4
DL,DEN,ATL,686,50,2034,5,19,7
AS,JFK,ATL,1305,149,1769,8,11,4
WN,MIA,DFW,1464,18,126,8,18,7
B6,ORD,SFO,737,48,2697,3,11,2
DL,LAX,SFO,1958,27,1326,8,25,2
B6,ORD,MIA,1894,104,184,11,4,3
DL,SFO,ORD,1485,36,1955,8,18,1
WN,DFW,MIA,2100,0,2613,3,19,3
B6,ATL,LAX,485,61,1222,10,13,2
UA,LAX,LAX,1513,78,1313,10,4,5
AA,SFO,MIA,2001,127,111,2,10,3
UA,DEN,SFO,1387,-6,1112,10,22,6
AS,DFW,LAX,1030,48,1848,2,5,2
WN,JFK,DEN,1765,158,1976,9,3,2
UA,LAX,SFO,667,55,2719,7,16,5
DL,ATL,ATL,1220,41,1417,6,26,5
AS,DFW,ORD,834,98,1483,7,8,5
AS,DEN,JFK,875,16,1778,8,24,1
UA,MIA,ORD,1001,113,279,12,7,6
UA,MIA,MIA,249,178,896,1,19,2
WN,ATL,SFO,1939,5,1567,8,14,5
AA,JFK,MIA,1618,-13,2124,3,15,1
UA,JFK,DEN,1263,-17,2588,3,17,4
UA,DEN,SFO,871,0,986,6,21,6
B6,LAX,ORD,834,138,2568,4,1,7
DL,DEN,DEN,918,128,1289,4,6,7
B6,ORD,DEN,1724,4,1775,4,27,4
B6,JFK,DEN,1313,122,1619,10,23,4
AS,DFW,DFW,1897,142,2615,9,15,2
AA,ORD,SFO,402,156,2860,8,12,1
DL,MIA,LAX,2105,22,2532,3,21,1
WN,MIA,LAX,1327,148,2461,1,20,4
WN,SFO,SFO,1138,16,870,1,2,6
UA,ATL,SFO,209,164,1378,1,5,3
UA,ORD,DFW,1064,21,1058,4,9,4
WN,ATL,LAX,815,154,1016,6,20,2
UA,DEN,SFO,2220,71,2170,4,14,4
AA,ORD,SFO,233,40,1881,11,18,6
B6,DEN,MIA,792,121,438,11,22,6
UA,SFO,DFW,1907,47,1616,3,8,4
AS,JFK,DFW,1613,32,2970,8,2,1
UA,MIA,ORD,2166,63,2513,8,9,4
DL,SFO,DFW,334,13,1495,6,7,5
AA,MIA,JFK,1359,55,1014,9,18,5
DL,JFK,LAX,1639,76,1953,12,27,3
DL,DEN,ORD,1097,131,574,10,16,2
AS,JFK,JFK,1214,127,1546,1,21,2
AA,MIA,SFO,323,176,1479,8,5,7
AA,MIA,MIA,1790,9,1583,6,23,1
AA,ATL,MIA,283,67,2174,1,15,2
AA,DFW,SFO,212,-14,2949,4,5,3
AA,SFO,ORD,1658,15,900,5,11,5
AS,ORD,DFW,1741,17,1346,7,22,1
UA,MIA,DEN,928,31,963,8,14,6
DL,SFO,MIA,751,122,2837,9,25,5
AA,ATL,DEN,1417,153,1271,12,19,3
UA,JFK,SFO,1821,130,838,12,3,1
UA,ATL,DEN,1045,119,1474,6,24,4
DL,LAX,ATL,1794,151,2562,10,10,2
AS,LAX,ORD,1892,122,1081,9,28,3
WN,ORD,JFK,104,72,2576,4,6,1
WN,ATL,ORD,1489,86,2188,8,28,5
UA,DEN,LAX,1482,105,1111,3,26,1
B6,ORD,DFW,1455,28,2850,4,3,4
B6,DEN,DFW,769,0,2226,10,2,3
DL,ORD,ORD,1959,-6,816,4,13,1
WN,LAX,SFO,2027,-7,1907,6,18,6
UA,ORD,SFO,378,21,2691,9,2,3
AS,LAX,ATL,712,-6,1573,6,15,3
WN,MIA,ATL,1372,42,2621,1,5,5
UA,JFK,DFW,224,175,1265,5,15,7
UA,DEN,ATL,1737,6,2441,9,28,2
AA,ATL,MIA,737,72,709,5,21,7
AS,MIA,MIA,235,84,2283,6,17,6
AA,MIA,JFK,182,32,2631,3,2,4
DL,ORD,ATL,711,31,1912,8,18,1
AA,LAX,JFK,1892,42,1435,10,15,7
AA,SFO,ATL,1888,160,2961,11,20,2
WN,DEN,DFW,622,36,654,4,23,5
B6,MIA,DFW,1259,99,1755,4,3,2
UA,ORD,JFK,1150,31,1855,11,5,3
AS,DFW,ORD,748,86,145,12,11,3
AA,JFK,DFW,2202,22,1359,5,9,4
AS,JFK,ORD,2304,114,1171,10,5,6
B6,SFO,SFO,2282,96,2345,9,25,1
B6,LAX,MIA,2336,149,2231,8,1,1
AA,ORD,JFK,509,-17,642,7,25,5
DL,DEN,DEN,1575,176,1551,5,14,4
AA,LAX,DFW,1823,112,2218,9,5,1
WN,JFK,LAX,784,59,2667,9,8,6
UA,LAX,SFO,2345,20,2092,10,21,3
DL,JFK,ORD,136,111,1012,10,14,4
AA,LAX,DFW,2134,-19,1168,2,28,2
AS,SFO,JFK,1777,174,2440,4,16,7
DL,ATL,DEN,1222,128,911,8,6,7
DL,SFO,ATL,1333,177,1588,1,8,4
AA,SFO,DEN,1777,22,2008,5,2,4
DL,ATL,LAX,1304,61,1673,8,19,6
AS,ATL,ORD,763,87,966,2,27,6
B6,MIA,SFO,701,176,2527,2,9,1
DL,MIA,DEN,151,116,1866,8,5,7
B6,ORD,JFK,1325,135,2409,10,5,5
AS,DEN,LAX,1301,5,679,12,25,5
AA,DEN,JFK,1711,61,2504,9,26,6
UA,ORD,DFW,1031,62,1542,7,19,1
DL,SFO,ATL,806,110,797,8,4,1
UA,SFO,SFO,234,52,2076,5,16,1
AS,JFK,JFK,560,79,2590,1,16,6
DL,JFK,ORD,1325,28,825,4,16,5
B6,DEN,DFW,37,124,385,2,7,1
WN,ORD,DFW,1159,42,1991,3,18,6
UA,DFW,SFO,420,34,669,12,24,2
DL,MIA,DFW,1242,130,2987,3,21,2
UA,DFW,ORD,347,13,2064,9,1,3
DL,ORD,JFK,1831,84,1613,10,3,2
AA,JFK,SFO,1569,84,597,4,25,4
B6,DEN,MIA,1918,48,2017,2,21,3
UA,DEN,DFW,2320,-6,804,3,8,2
WN,JFK,DFW,1901,154,1456,3,1,4
WN,DFW,ORD,2355,-18,661,7,7,2
AS,LAX,ATL,1397,135,2098,8,7,6
DL,LAX,ATL,1824,-18,131,11,8,7
UA,JFK,DEN,1228,81,142,6,19,4
AS,LAX,DFW,404,-17,2016,4,17,1
UA,ATL,MIA,1721,67,1474,6,11,6
DL,ORD,JFK,1220,138,1945,11,15,7
WN,ORD,SFO,114,24,658,1,9,4
AA,JFK,DFW,1676,166,2417,10,17,6
WN,SFO,LAX,64,24,1536,8,11,1
AS,MIA,SFO,1299,54,1042,1,6,4
B6,DFW,DEN,824,144,1698,5,9,4
AA,JFK,ATL,2286,172,1470,2,18,7
AS,LAX,MIA,2349,-12,2028,6,20,6
DL,DFW,DFW,1415,124,1736,9,2,2
AA,SFO,ORD,968,97,2184,5,4,4
AS,LAX,LAX,368,44,191,4,18,2
DL,DEN,DFW,232,110,1943,2,28,4
WN,MIA,MIA,2242,5,284,12,1,5
B6,ATL,DEN,906,160,827,3,11,3
DL,LAX,JFK,920,138,1151,6,3,2
UA,ATL,LAX,688,5,1671,8,8,2
DL,DFW,DEN,176,2,2519,8,5,7
DL,ATL,DFW,2264,9,931,5,20,1
B6,DFW,JFK,1034,-11,444,5,21,5
UA,DFW,LAX,1469,51,1542,10,22,1
AS,DFW,JFK,629,43,1319,3,22,5
AS,DFW,JFK,163,129,2225,7,5,5
DL,DFW,LAX,2100,122,266,6,28,6
UA,LAX,LAX,2265,102,363,1,11,6
UA,DFW,JFK,823,84,1595,4,12,6
B6,LAX,DEN,55,163,1331,6,22,4
WN,DFW,MIA,117,53,2871,11,9,7
AS,ATL,ATL,797,127,1386,6,21,1
B6,DEN,LAX,779,84,1629,11,13,3
AA,DFW,DFW,1438,26,1908,12,22,5
AS,SFO,SFO,1893,66,2659,12,20,5
B6,DFW,ORD,707,32,1977,3,3,7
AS,DFW,JFK,1103,160,1849,6,13,2
WN,ATL,JFK,21,108,2009,12,28,4
AA,MIA,ORD,1500,-19,2723,10,22,3
WN,ORD,ATL,842,37,2869,6,11,6
AA,ATL,ORD,1760,126,1435,12,11,5
DL,SFO,LAX,1116,169,1297,9,21,2
B6,ORD,ORD,191,51,2578,9,20,1
AA,JFK,JFK,1018,119,867,2,21,5
WN,JFK,ORD,1126,133,2610,4,7,2
AS,MIA,SFO,395,6,200,9,17,1
AA,SFO,DFW,1018,8,1832,4,16,4
B6,ATL,LAX,566,-6,2019,8,14,6
AA,LAX,ORD,230,153,2391,10,1,7
UA,SFO,JFK,873,108,1471,12,11,1
AS,DEN,DEN,239,39,204,3,13,5
B6,ORD,DFW,89,86,793,3,1,3
B6,ORD,LAX,2279,164,1790,9,2,1
DL,DFW,JFK,456,-18,1410,11,9,3
WN,JFK,ATL,2280,94,1170,10,13,3
DL,MIA,SFO,353,125,1166,8,5,1
B6,ORD,MIA,1004,31,917,1,9,7
AS,SFO,ATL,1356,39,2368,10,13,7
AA,ORD,MIA,438,13,1636,2,5,4
AA,MIA,SFO,1398,75,2291,3,15,7
AS,MIA,ORD,344,68,989,11,7,1
B6,MIA,LAX,656,39,1977,2,14,7
AA,SFO,ORD,2177,133,1973,3,16,2
AA,LAX,SFO,2188,179,889,8,6,6
AA,DFW,SFO,1116,-2,652,11,2,3
WN,JFK,SFO,625,90,943,11,16,6
WN,ORD,MIA,283,1,758,12,19,5
UA,SFO,DFW,1979,140,2984,6,5,3
DL,ATL,JFK,1678,145,1118,7,4,5
AS,JFK,LAX,222,107,2053,10,14,2
AS,LAX,ORD,743,14,1290,10,27,2
AS,SFO,ORD,462,86,850,6,6,6
UA,DEN,ATL,1568,107,2396,1,8,2
WN,DEN,MIA,1705,174,874,11,24,1
B6,DFW,SFO,1163,62,2911,3,3,3
B6,DFW,DEN,1736,117,1480,1,4,5
UA,LAX,SFO,1046,122,791,12,1,7
B6,LAX,SFO,664,118,2967,10,2,6
AS,DFW,DEN,1356,90,818,12,13,6
DL,ORD,ORD,1014,69,333,9,9,2
AA,ORD,ATL,2132,3,2171,9,12,2
WN,SFO,JFK,1054,56,1504,5,10,5
WN,ATL,DEN,1764,80,1105,4,10,3
UA,SFO,MIA,2287,111,1469,12,18,3
WN,ATL,DFW,1913,-8,1501,9,12,6
AS,LAX,LAX,362,164,2669,9,22,5
B6,JFK,MIA,1412,77,2164,3,16,6
AS,SFO,DEN,667,99,2392,5,23,7
UA,SFO,JFK,1880,16,2865,3,6,4
AS,ATL,ORD,1394,27,2917,10,24,3
B6,MIA,DFW,98,178,816,2,25,5
DL,LAX,DFW,2094,-20,1662,1,24,7
UA,LAX,DFW,421,39,1811,12,21,5
DL,DEN,SFO,1503,119,1325,10,24,6
AA,MIA,LAX,61,128,1371,2,10,2
DL,ATL,ORD,1132,118,2265,8,15,5
AA,LAX,ORD,1702,23,108,11,26,6
AA,MIA,DFW,597,94,697,8,9,1
DL,DFW,ORD,391,165,122,3,24,2
UA,MIA,LAX,1075,87,2090,7,2,2
B6,ORD,LAX,1312,23,2387,7,18,3
AS,DEN,ATL,2029,57,1708,2,12,4
AS,DFW,DEN,809,141,2174,9,3,3
B6,JFK,DEN,1405,4,1204,3,7,1
AA,SFO,ATL,1159,111,2346,2,9,6
AA,DEN,JFK,1531,171,2922,12,8,2
UA,JFK,DEN,1385,95,191,3,25,2
WN,SFO,LAX,880,98,950,2,6,7
DL,ORD,LAX,1599,123,2082,8,1,5
AA,MIA,DEN,253,-11,1207,5,14,4
AS,LAX,LAX,2067,88,399,3,16,4
UA,DFW,ATL,1168,173,2443,5,28,5
DL,ATL,DFW,1231,14,2794,11,16,1
UA,DFW,DFW,165,113,1577,11,4,4
DL,ORD,ORD,1573,-2,1404,8,6,2
DL,JFK,MIA,616,166,1100,7,15,1
B6,ATL,MIA,1625,160,1182,6,28,3
AA,LAX,DFW,502,-13,1465,1,22,3
UA,ORD,SFO,912,-11,2900,10,8,1
UA,ATL,ATL,2126,174,2489,1,1,2
B6,ORD,LAX,584,145,2209,1,13,7
AS,MIA,DEN,1958,8,875,10,27,3
AS,ORD,DFW,395,-6,2772,8,18,6
AA,LAX,ATL,1631,66,1552,8,18,2
AA,DEN,DFW,1880,2,1781,7,13,5
WN,SFO,JFK,401,25,1851,6,22,4
B6,ATL,LAX,974,7,2403,4,14,7
AS,MIA,JFK,223,5,2975,1,11,7
DL,LAX,LAX,517,-11,1951,9,7,1
UA,ORD,ATL,235,154,1997,1,18,4
AA,MIA,ORD,115,-17,1829,4,21,5
UA,LAX,DFW,225,34,1427,3,22,3
UA,DEN,DFW,2277,45,714,7,4,7
WN,MIA,SFO,181,46,344,5,17,6
AS,MIA,DEN,1341,114,856,5,19,2
AA,SFO,JFK,209,34,923,4,14,7
UA,DFW,DFW,1415,10,2927,1,10,7
AA,ATL,ATL,2143,53,2879,5,25,2
DL,SFO,ORD,893,-2,1946,4,6,5
WN,JFK,DEN,1881,135,1535,10,18,1
DL,ATL,ATL,1109,60,1340,8,25,7
AA,SFO,JFK,2026,135,615,2,4,7
AA,ORD,SFO,393,126,573,8,11,4
AS,ATL,DFW,843,66,135,1,13,6
UA,ATL,ATL,1524,-1,1510,4,8,3
UA,LAX,DEN,603,-8,1892,3,10,1
DL,ORD,LAX,581,56,1834,5,23,6
WN,JFK,ORD,2042,22,929,5,28,6
B6,DFW,DEN,1939,118,1192,5,11,5
UA,MIA,ATL,132,155,2513,12,3,5
AS,DEN,ORD,2268,122,1285,4,15,2
DL,SFO,DFW,975,124,1862,8,8,3
DL,LAX,LAX,1813,161,1044,3,20,1
B6,SFO,SFO,1543,29,1611,12,18,2
AS,JFK,DEN,1357,7,530,4,27,7
WN,MIA,SFO,38,-17,2122,1,21,3
AS,JFK,LAX,1316,1,958,7,1,4
WN,ATL,ORD,161,98,329,1,24,4
AS,DEN,DFW,1909,80,2517,2,8,2
AS,JFK,ATL,1127,18,277,11,3,1
AA,SFO,LAX,2208,13,1533,7,1,3
DL,ORD,JFK,1658,76,2715,1,20,4
AS,ORD,ORD,1963,23,1713,11,25,4
B6,ATL,SFO,1057,149,2940,3,16,1
AS,DFW,DEN,2289,19,1863,6,9,2
UA,SFO,LAX,966,76,1874,6,17,5
DL,SFO,SFO,889,119,1074,6,27,7
UA,JFK,ORD,2160,109,181,11,16,6
DL,DEN,SFO,2070,135,945,2,23,7
UA,SFO,LAX,1666,53,2909,2,6,3
AS,LAX,ORD,1441,65,1316,6,23,4
AS,DFW,JFK,1067,69,717,10,7,6
AA,JFK,LAX,127,46,2363,5,24,6
B6,LAX,ATL,157,178,2437,7,16,5
UA,ATL,MIA,826,179,544,7,8,6
WN,ORD,DFW,1890,55,1022,5,10,1
AA,ATL,LAX,511,71,2699,8,14,2
UA,ORD,ORD,2092,-11,292,10,11,3
UA,ATL,DEN,2266,65,1762,6,2,1
AA,SFO,DFW,442,81,388,5,12,2
AS,LAX,LAX,2224,164,2730,4,28,1
UA,ORD,JFK,2275,87,1267,7,28,4
AS,JFK,DEN,1726,144,1530,4,20,4
AA,LAX,JFK,2006,70,1934,5,20,5
AS,JFK,ATL,1695,171,2070,5,13,1
DL,LAX,DEN,266,58,2928,1,15,7
WN,LAX,SFO,837,65,995,1,27,6
UA,ATL,MIA,488,86,1019,3,26,4
B6,ORD,DEN,701,147,2711,11,12,2
WN,ORD,DFW,686,80,2134,3,13,5
AS,DEN,DEN,995,87,1652,2,8,6
UA,LAX,ORD,356,39,1800,12,16,3
AS,SFO,MIA,871,27,2160,2,3,1
DL,SFO,ORD,1973,96,1825,6,28,7
AA,JFK,SFO,2251,85,2487,1,13,4
UA,JFK,DEN,551,126,1997,6,12,7
DL,ATL,JFK,1810,179,1899,5,19,6
DL,LAX,JFK,322,12,411,6,2,2
UA,JFK,LAX,2228,23,2880,5,1,1
AS,JFK,ATL,82,144,1227,7,8,7
B6,DFW,DFW,2350,91,438,1,9,2
DL,LAX,MIA,261,68,2447,3,25,5
WN,MIA,ATL,783,15,458,6,27,4
DL,ATL,DEN,1223,60,2316,1,8,4
B6,JFK,ATL,913,67,1272,11,21,5
AS,ATL,LAX,943,128,2908,11,17,2
AS,ORD,ATL,1318,109,867,7,9,7
WN,ATL,MIA,1535,10,2189,4,6,1
DL,MIA,SFO,688,87,301,3,28,2
AS,SFO,LAX,1772,9,1792,10,15,1
B6,MIA,SFO,838,151,563,9,23,6
UA,SFO,DEN,877,-9,548,1,24,5
AA,ATL,LAX,48,30,1012,8,13,3
AA,SFO,DEN,292,100,897,1,21,1
AA,ORD,DEN,1651,156,893,5,22,4
DL,LAX,ATL,535,131,536,10,12,6
WN,SFO,SFO,310,131,2016,8,13,4
AS,SFO,DEN,536,167,1873,6,7,6
UA,ATL,SFO,1926,118,630,7,23,4
B6,ORD,SFO,233,-8,664,11,18,2
UA,DEN,LAX,1232,70,1720,8,14,7
B6,DEN,ORD,2141,179,1396,6,11,2
DL,DEN,ATL,2272,53,312,11,28,2
AA,DEN,DEN,966,179,1048,6,14,7
DL,LAX,SFO,889,171,1227,11,17,6
WN,MIA,DFW,2058,-1,291,6,24,6
WN,ATL,ORD,34,51,1503,5,21,7
B6,ATL,DEN,446,52,2090,8,26,4
AS,DFW,DFW,1763,50,1204,2,2,1
AS,ORD,ATL,1558,57,804,7,19,6
B6,DEN,ATL,594,7,648,4,16,4
WN,LAX,SFO,2025,109,1961,1,22,1
WN,ORD,SFO,2276,100,253,5,10,7
WN,DEN,MIA,343,22,1765,3,22,2
DL,LAX,MIA,1103,-13,670,4,8,6
WN,ORD,DEN,1419,-8,1884,7,21,3
UA,ATL,LAX,1313,90,2387,5,5,2
AA,ATL,ORD,1478,14,2521,4,7,5
WN,MIA,DEN,1151,2,904,1,26,1
B6,JFK,ORD,1921,25,898,6,13,3
AA,MIA,SFO,1382,-6,710,11,16,2
DL,SFO,ATL,2122,109,2835,10,5,6
B6,MIA,SFO,1569,40,2921,6,16,3
AA,DEN,ATL,1894,94,1906,7,15,4
B6,DFW,MIA,2243,43,242,1,9,1
DL,ORD,DEN,1866,31,371,4,22,5
UA,DFW,MIA,28,143,1655,12,23,4
DL,JFK,ATL,705,174,2573,9,12,3
DL,SFO,SFO,1020,48,2193,12,8,2
B6,ORD,MIA,2063,46,2242,10,13,1
AS,LAX,JFK,1446,154,2211,6,5,6
WN,DEN,ORD,1659,62,2560,2,14,5
WN,SFO,DFW,966,-19,558,4,16,2
UA,ATL,ATL,2276,151,1838,6,11,5
UA,JFK,ATL,572,171,1532,4,20,6
WN,SFO,JFK,1606,57,2617,10,12,7
AS,DEN,DEN,614,7,2957,7,15,1
WN,MIA,DEN,325,33,605,12,24,3
AS,SFO,DEN,358,46,1809,3,12,5
UA,MIA,DFW,1810,143,1196,6,26,1
AA,DEN,LAX,1721,81,183,12,9,5
B6,ATL,JFK,1349,99,158,4,1,2
UA,ORD,DFW,164,170,1144,3,3,5
UA,LAX,MIA,1596,132,1581,12,12,7
DL,ATL,JFK,1627,27,2304,3,20,2
DL,MIA,ATL,1176,146,1452,2,13,2
DL,MIA,ORD,1150,26,1696,11,23,1
B6,LAX,JFK,192,0,675,3,6,4
DL,ORD,LAX,91,137,2984,12,10,6
AS,SFO,SFO,138,71,779,10,10,5
WN,LAX,MIA,480,138,302,1,16,3
AA,JFK,DFW,1356,100,1229,3,27,2
UA,JFK,MIA,339,95,417,9,1,4
AS,DEN,MIA,1075,133,1305,4,16,2
AA,ATL,JFK,798,129,1738,3,4,4
AS,MIA,JFK,474,128,1896,8,6,4
AS,ORD,LAX,1462,-20,505,1,19,3
UA,DEN,ORD,604,144,2642,5,2,4
WN,ATL,JFK,820,56,778,1,18,3
DL,ATL,JFK,597,64,1370,7,10,1
B6,DEN,ORD,1532,25,1989,5,28,2
WN,DFW,LAX,513,116,1647,2,28,3
B6,ATL,DFW,1526,124,1743,12,4,6
UA,DFW,MIA,1877,26,1459,1,1,7
UA,JFK,DFW,1699,38,1545,11,15,2
UA,JFK,JFK,1029,33,934,7,10,7
AA,ATL,ORD,499,65,2341,12,18,6
B6,JFK,JFK,1684,-9,2455,1,16,5
WN,ORD,DEN,716,171,1768,3,13,6
WN,DFW,SFO,1141,-15,2030,11,26,1
AS,DFW,DFW,1508,32,2653,6,15,5
AS,ATL,DEN,665,123,380,6,2,5
AS,JFK,ATL,2208,69,2822,7,20,4
UA,LAX,SFO,2317,-16,1913,11,4,6
WN,MIA,JFK,1079,52,1032,11,1,4
B6,DEN,LAX,227,153,2862,1,7,6
UA,DEN,DFW,148,-7,707,7,23,5
AA,DFW,ATL,1069,151,582,2,26,4
AS,ATL,SFO,1167,170,1346,6,11,7
UA,ATL,DFW,631,85,1872,8,26,2
UA,ORD,ORD,1363,31,2264,5,10,6
AA,SFO,LAX,412,95,291,10,1,6
DL,MIA,SFO,1755,5,2935,3,11,4
WN,SFO,ORD,519,32,2765,11,24,6
B6,DFW,DEN,1367,88,2117,8,10,5
DL,DEN,JFK,2322,8,2663,8,14,4
AS,ORD,ORD,1102,-2,406,4,14,4
UA,ORD,SFO,597,26,631,8,7,3
AA,ORD,MIA,1659,115,221,5,23,7
AA,DFW,SFO,1685,2,2796,11,11,7
WN,SFO,MIA,2160,96,691,5,22,3
DL,DEN,DEN,2188,85,1575,3,28,5
WN,ORD,JFK,1924,142,158,7,4,2
UA,DEN,MIA,729,32,2448,11,27,6
WN,JFK,MIA,588,75,2700,11,24,1
B6,ATL,ORD,376,165,1673,9,2,6
AA,ATL,ORD,1407,-16,1240,9,7,1
AA,DEN,JFK,1869,-5,1910,1,19,7
AS,LAX,ORD,750,-4,1905,1,14,5
AS,LAX,DFW,626,139,498,10,19,2
UA,DFW,JFK,1629,81,2662,12,7,2
B6,DFW,LAX,994,159,2952,12,12,2
DL,ATL,MIA,1583,-1,2645,11,3,3
WN,JFK,SFO,702,91,1041,5,15,5
UA,MIA,LAX,2059,99,627,1,5,1
AS,SFO,MIA,1179,173,2545,4,8,2
WN,SFO,DFW,476,90,1874,12,14,5
AS,DFW,MIA,400,-20,1521,1,4,6
WN,JFK,MIA,2224,37,1769,2,7,1
DL,DFW,MIA,56,72,1650,2,7,7
UA,MIA,DEN,1875,151,535,4,18,3
WN,SFO,DFW,447,-15,939,8,14,4
B6,DEN,ATL,202,87,459,2,8,1
AA,DFW,ATL,1656,82,1252,9,26,7
B6,ORD,ATL,737,29,963,12,12,7
B6,DEN,JFK,201,97,2781,9,10,7
AA,MIA,ORD,1353,89,1750,2,14,6
B6,MIA,DFW,891,179,1832,1,9,1
WN,DFW,LAX,215,67,1345,10,6,1
WN,ATL,DEN,22,-1,2361,10,5,4
WN,DFW,LAX,2202,-7,1015,9,1,2
AA,ATL,LAX,1209,112,2739,2,1,6
B6,MIA,LAX,2296,148,1898,8,25,7
AA,JFK,DEN,748,19,2282,3,20,4
WN,MIA,ATL,804,13,2901,1,17,1
B6,SFO,LAX,133,103,485,11,11,6
B6,DEN,DEN,320,24,1426,1,26,3
AS,DEN,DEN,433,178,1905,10,12,1
AS,LAX,ORD,1045,59,1685,2,3,3
DL,LAX,DEN,872,50,1312,7,6,5
UA,MIA,ATL,2098,134,1649,12,11,3
AS,SFO,LAX,2223,57,488,6,13,1
AA,LAX,DEN,252,57,2891,12,11,4
AS,DEN,JFK,965,151,803,11,8,1
DL,DFW,DEN,738,12,1838,2,10,1
B6,JFK,SFO,1129,12,2920,4,2,5
DL,JFK,SFO,1339,23,963,2,24,7
B6,SFO,SFO,301,-1,1159,1,14,2
B6,MIA,DEN,1977,90,178,12,16,1
UA,LAX,ATL,2315,143,1398,3,17,5
AS,DFW,LAX,550,-14,1401,4,11,4
AA,JFK,DFW,1478,139,773,10,2,5
AA,JFK,DFW,1315,174,2459,5,24,5
WN,ORD,DFW,1587,146,303,5,23,3
B6,MIA,ATL,1822,3,1084,7,5,2
AA,ORD,ORD,1824,49,2075,10,16,2
UA,DEN,MIA,1164,91,116,8,16,6
B6,JFK,JFK,313,83,575,9,26,7
UA,SFO,JFK,183,33,1116,12,2,4
AA,ATL,SFO,1687,17,309,7,16,6
AA,ATL,SFO,712,53,598,5,25,7
WN,DFW,DEN,2175,59,528,9,5,7
AA,JFK,DFW,1310,11,1429,8,8,5
B6,JFK,DEN,270,24,2205,10,20,4
B6,DEN,MIA,1794,40,1653,9,14,7
B6,JFK,DFW,810,177,1331,10,25,4
WN,SFO,SFO,197,32,1634,8,10,2
WN,ORD,LAX,1079,107,1967,6,23,2
AA,JFK,ORD,1226,158,2669,4,2,2
DL,JFK,DEN,1644,55,2728,9,3,1
DL,DEN,ORD,627,163,1976,12,18,5
WN,MIA,ORD,603,6,998,9,21,4
AA,LAX,ORD,1161,145,1206,10,2,5
DL,MIA,SFO,1445,41,2768,10,21,7
AA,DEN,JFK,1080,-3,1167,9,9,4
AA,MIA,SFO,1585,106,1606,10,2,4
AA,DEN,ORD,2118,88,1767,3,25,6
AS,SFO,SFO,910,82,592,11,7,4
B6,DFW,ORD,593,171,2646,12,7,4
AA,JFK,ATL,1395,56,704,3,14,3
AS,DEN,DFW,599,96,1047,11,5,3
WN,DEN,JFK,513,83,393,6,8,6
DL,LAX,ATL,1895,137,1271,6,23,1
B6,DEN,LAX,2131,28,2118,6,22,2
DL,ATL,SFO,1066,148,271,5,18,7
B6,DFW,LAX,1957,95,1686,5,6,7
DL,JFK,DEN,809,120,630,2,14,4
B6,JFK,SFO,2180,141,1243,7,18,5
DL,LAX,MIA,1088,79,1959,12,17,7
DL,SFO,MIA,289,104,1860,4,9,3
DL,JFK,DFW,768,4,2213,3,13,2
DL,ATL,ATL,470,173,2288,8,16,1
WN,JFK,DFW,2196,107,2593,4,21,2
AA,ATL,DEN,87,79,288,11,10,4
UA,DFW,ORD,789,125,257,4,10,2
AS,DFW,DFW,1664,-16,2817,8,4,4
UA,ORD,DFW,1309,-2,2070,1,12,6
UA,ORD,MIA,864,149,345,9,27,3
B6,ATL,ORD,1293,-3,2895,7,8,3
AA,SFO,MIA,23,100,2477,12,15,4
B6,JFK,SFO,1886,11,2659,2,21,5
AA,DEN,ORD,310,128,949,11,23,3
AA,JFK,ATL,1484,-11,1910,12,19,5
DL,ORD,DFW,1231,16,1194,6,15,4
WN,MIA,MIA,705,156,1436,8,8,6
DL,DEN,ORD,1359,65,2226,11,8,4
WN,ATL,DEN,421,-8,268,5,19,6
B6,DEN,DEN,1773,162,2957,6,9,7
WN,MIA,DFW,946,124,2327,12,24,3
B6,JFK,ATL,1186,-12,1751,10,17,5
UA,JFK,LAX,1834,67,2407,8,8,4
UA,SFO,MIA,1564,151,1609,6,12,7
WN,LAX,ATL,848,25,1895,12,27,3
WN,DEN,JFK,1589,115,2444,9,15,7
B6,ORD,JFK,1318,98,719,12,4,6
DL,MIA,JFK,2089,144,2507,9,6,4
B6,MIA,DFW,1947,-2,2264,9,16,7
DL,MIA,DEN,1308,170,456,6,26,7
UA,ORD,SFO,386,153,2586,12,25,6
AA,LAX,MIA,2035,73,1777,12,5,2
WN,JFK,DEN,1161,178,1311,9,23,6
DL,SFO,SFO,2025,5,1404,3,13,2
B6,SFO,SFO,715,25,1634,5,15,3
UA,ORD,DEN,425,97,1589,2,17,4
DL,SFO,MIA,1439,25,2063,12,25,7
B6,MIA,DFW,2073,-7,1461,8,22,3
WN,DFW,ATL,384,64,2669,11,27,1
WN,LAX,SFO,55,42,298,4,20,6
AS,JFK,LAX,105,51,1887,6,22,3
AA,DFW,DEN,669,-18,1173,6,5,3
AS,LAX,DEN,375,7,1265,5,19,7
UA,ATL,JFK,742,104,1906,12,7,2
DL,DEN,ATL,966,136,1637,12,3,6
UA,ORD,JFK,307,66,2817,1,13,2
B6,MIA,DEN,2138,125,130,11,14,4
WN,SFO,DEN,801,142,2480,7,16,3
AS,ATL,SFO,109,56,759,10,13,6
AS,SFO,ATL,1664,55,2324,8,2,3
AS,DFW,ORD,339,154,2517,1,14,4
UA,JFK,LAX,1588,93,646,10,20,5
WN,JFK,MIA,978,112,2682,7,7,4
DL,JFK,SFO,1915,54,1229,4,5,2
B6,MIA,DEN,167,38,2244,6,14,2
DL,SFO,MIA,556,38,2377,9,9,3
UA,ATL,SFO,904,26,2374,5,10,2
B6,JFK,LAX,104,74,470,8,7,6
AS,ATL,DEN,2047,120,1223,5,28,4
AA,SFO,LAX,2197,57,1568,2,14,3
UA,MIA,MIA,145,92,1591,4,25,4
UA,DFW,ORD,873,88,2202,2,14,4
WN,MIA,SFO,298,85,2571,7,25,3
DL,ATL,DFW,1736,68,2462,7,28,7
UA,MIA,SFO,645,12,1251,3,2,5
UA,MIA,JFK,637,76,2179,7,17,7
AS,DFW,ATL,2286,169,192,1,27,2
AS,SFO,ATL,783,58,2666,1,20,1
B6,SFO,JFK,896,-5,1381,9,4,7
AA,ORD,DEN,370,23,2025,6,13,1
WN,MIA,ATL,486,165,1343,12,18,1
AA,SFO,LAX,2037,99,2899,5,3,2
B6,SFO,MIA,2212,113,1671,6,19,5
AS,LAX,MIA,1360,87,515,6,5,4
DL,JFK,ATL,191,122,2704,1,1,3
AS,ORD,ATL,729,-17,2513,5,9,5
WN,DEN,JFK,2261,35,1644,9,24,1
AS,ORD,DEN,956,43,2746,4,8,6
WN,ORD,ORD,380,175,2478,3,3,2
WN,DEN,ATL,797,141,788,1,2,7
WN,LAX,DFW,238,74,1765,2,1,2
B6,MIA,ATL,1105,35,2158,3,12,7
WN,DFW,ORD,1386,11,2965,4,22,3
WN,SFO,JFK,2249,95,1630,7,13,6
DL,JFK,ORD,1527,-12,518,6,10,4
AA,ATL,JFK,1667,170,1245,11,17,5
UA,MIA,LAX,36,84,1010,8,11,6
AA,DEN,JFK,1996,179,1454,9,5,5
WN,DFW,LAX,1425,57,1666,6,25,5
DL,MIA,LAX,1490,140,2495,7,27,4
AS,DEN,JFK,1224,66,511,4,9,4
DL,SFO,DFW,2022,0,1347,2,13,7
WN,LAX,SFO,832,34,252,9,28,4
DL,MIA,JFK,596,55,1335,9,20,3
DL,DEN,ATL,699,164,191,4,23,2
WN,SFO,DFW,1646,109,430,12,11,1
B6,SFO,DFW,2018,120,1764,3,23,4
DL,LAX,ATL,440,105,1054,10,4,2
UA,ORD,SFO,1860,111,2701,11,21,7
UA,MIA,DFW,1640,63,1351,6,11,4
DL,MIA,LAX,1529,157,293,3,9,1
B6,ORD,MIA,1094,94,629,1,7,6
AS,JFK,SFO,567,27,2992,4,16,4
WN,JFK,DEN,235,102,1366,1,23,2
UA,ORD,ATL,1304,57,1573,2,26,7
AS,DFW,SFO,1185,9,738,3,23,7
DL,ATL,JFK,1032,8,1710,8,25,3
AS,SFO,MIA,2107,115,1697,10,5,7
AA,ATL,SFO,1840,119,2625,4,6,6
UA,SFO,LAX,224,20,2627,4,19,7
DL,ORD,MIA,1842,5,2435,10,1,7
WN,JFK,JFK,581,29,797,9,27,6
B6,DFW,ORD,168,-19,2145,7,16,6
DL,JFK,ATL,1465,34,1801,2,28,1
WN,ATL,MIA,13,83,2842,3,18,2
B6,JFK,ATL,2211,163,639,4,24,5
B6,ORD,SFO,1443,-7,429,4,13,7
DL,DFW,DFW,1870,113,569,10,1,5
AS,ATL,JFK,1543,107,2996,8,10,5
AS,DFW,ORD,1689,83,633,10,7,3
B6,MIA,JFK,1571,74,2062,10,5,4
AS,SFO,ATL,1051,60,566,6,13,7
AA,JFK,JFK,1731,40,2567,3,22,4
B6,DFW,ORD,445,-9,861,11,16,4
B6,LAX,DFW,715,-8,1105,9,24,3
WN,MIA,SFO,818,126,990,10,20,5
AS,JFK,LAX,2151,151,2455,8,22,6
B6,SFO,JFK,425,68,2055,9,14,4
AA,DFW,MIA,1124,74,2481,5,11,6
WN,ATL,LAX,1564,38,1053,3,19,6
DL,SFO,ATL,849,16,1543,4,23,3
B6,LAX,SFO,1545,4,1772,12,2,3
AA,DFW,DEN,1129,-5,2936,5,28,2
UA,DEN,SFO,1702,145,931,9,8,7
AA,DEN,JFK,2001,150,943,9,13,4
AA,ORD,MIA,276,66,2397,3,7,5
WN,JFK,DFW,1806,121,1419,7,12,1
DL,ATL,SFO,2235,113,283,6,28,3
UA,ORD,JFK,1939,2,1383,4,8,6
AS,DFW,JFK,2152,105,2946,5,16,2
AS,DEN,LAX,545,39,1790,10,18,1
AA,DEN,SFO,109,119,2333,2,19,3
WN,DEN,JFK,544,120,1532,11,28,2
WN,DFW,LAX,742,79,2985,7,4,6
AS,DEN,MIA,1289,82,1896,4,28,4
UA,SFO,ORD,1875,113,726,2,25,7
DL,MIA,MIA,1088,42,2155,11,28,7
UA,DFW,DEN,332,17,882,6,12,2
B6,ATL,LAX,1536,107,1607,11,16,3
B6,MIA,LAX,1156,29,1884,12,21,7
DL,ORD,JFK,591,159,874,2,22,7
AS,ATL,ATL,782,19,1859,10,17,4
DL,MIA,ATL,539,-13,1963,2,4,6
WN,LAX,DFW,1558,168,1106,7,20,5
B6,DEN,ATL,1519,-13,776,1,26,7
AA,LAX,LAX,618,83,1930,7,24,2
AA,JFK,DFW,1833,13,310,10,24,1
AS,JFK,MIA,991,167,1436,5,26,6
WN,MIA,JFK,2146,36,1727,1,22,4
UA,LAX,MIA,2170,153,1460,6,24,6
WN,DFW,SFO,1616,1,589,7,9,4
AA,ATL,DEN,1518,66,1526,1,5,6
AA,LAX,DEN,521,19,2786,9,17,5
B6,JFK,LAX,916,152,290,7,17,2
WN,LAX,LAX,716,162,2818,1,2,1
WN,DFW,DFW,1936,158,942,3,2,7
AA,LAX,JFK,559,65,434,5,21,5
UA,ATL,ORD,968,112,1742,4,23,2
AS,ORD,LAX,1077,74,1210,2,7,1
AS,DFW,ORD,889,-8,678,1,4,6
WN,JFK,MIA,792,7,161,4,13,7
AS,ATL,ORD,2312,63,486,7,20,1
AA,LAX,ATL,981,41,1269,11,11,3
AA,LAX,JFK,801,72,2300,4,26,1
WN,ORD,DEN,42,66,718,9,3,2
WN,JFK,DEN,1609,3,1783,8,27,5
B6,JFK,ORD,1777,77,2845,8,2,7
WN,SFO,DEN,349,-14,1977,5,16,5
UA,JFK,MIA,1567,145,2325,12,3,7
AS,ORD,JFK,1129,16,2994,1,24,3
WN,DEN,ATL,2048,47,586,9,15,2
DL,SFO,JFK,1780,149,1377,2,17,1
B6,SFO,LAX,583,65,2647,6,16,3
DL,LAX,ORD,431,112,640,10,20,6
AA,LAX,JFK,1932,171,1635,5,7,4
AS,JFK,MIA,2100,157,2160,10,16,6
WN,SFO,DEN,1348,66,250,8,5,2
DL,MIA,SFO,2194,-6,1173,11,2,3
AS,LAX,JFK,2030,102,1338,3,1,5
AA,ORD,ORD,1189,86,1090,6,22,3
UA,MIA,ATL,1162,160,2791,6,13,4
B6,LAX,DEN,298,132,471,10,16,2
AS,DFW,ATL,1939,68,1236,3,5,3
AS,DFW,ORD,788,104,2399,12,3,7
UA,LAX,DEN,849,92,2200,12,27,6
AS,SFO,LAX,2225,116,1253,12,27,1
AA,DEN,DEN,1377,145,292,7,15,6
AA,DEN,LAX,1177,129,2738,11,16,2
UA,SFO,ATL,1949,86,1180,4,11,3
B6,ATL,ATL,877,66,2244,5,25,6
WN,DEN,ORD,1138,156,297,9,19,3
DL,DFW,LAX,1577,47,2294,6,18,6
WN,ORD,ATL,1646,-6,1698,10,21,2
AS,SFO,LAX,1903,44,1700,4,9,5
DL,JFK,ATL,1382,33,2870,8,8,6
UA,DFW,DEN,144,137,783,9,22,1
UA,ORD,JFK,2322,72,432,10,19,6
B6,ORD,MIA,1202,-1,1343,5,22,2
DL,SFO,SFO,1861,12,1521,2,5,6
AA,ORD,MIA,1854,79,1465,6,17,1
DL,SFO,DEN,1866,56,1921,11,5,7
AS,DEN,DFW,1098,114,2659,12,14,1
AA,LAX,MIA,1151,115,2319,8,7,2
UA,DFW,JFK,1734,135,1591,5,9,3
DL,ATL,DFW,567,152,1871,1,28,6
WN,LAX,ATL,1813,86,2110,8,17,5
B6,DFW,SFO,530,99,2711,9,3,1
WN,SFO,SFO,2206,53,2659,1,8,7
B6,DFW,ATL,1561,-10,1312,8,22,1
AS,DEN,ATL,680,10,1243,10,13,6
WN,SFO,LAX,2070,-9,204,12,16,3
DL,LAX,ATL,1070,103,2821,2,21,6
DL,JFK,ORD,728,57,906,4,10,7
WN,JFK,MIA,1729,158,1164,2,18,7
DL,MIA,ATL,2191,151,988,2,3,2
AS,MIA,ORD,667,75,2824,10,12,5
AA,DFW,ATL,1612,29,420,3,16,6
AS,JFK,LAX,680,96,2482,8,18,1
B6,SFO,ORD,972,-4,2411,4,17,1
AS,ORD,MIA,2132,142,1600,7,7,2
B6,SFO,JFK,826,108,2499,12,19,3
DL,ORD,ORD,296,136,1668,10,23,6
AA,LAX,DEN,1253,158,1896,3,28,4
DL,ATL,LAX,2152,43,1619,10,23,3
UA,ORD,DFW,1728,111,2018,12,8,1
DL,JFK,MIA,2024,66,1965,11,17,7
B6,SFO,ORD,329,135,1505,3,21,6
DL,LAX,DEN,1155,-5,2823,2,26,7
DL,JFK,DEN,1890,42,1604,12,25,1
AA,LAX,MIA,381,55,2059,6,28,5
DL,ATL,MIA,2185,160,104,6,27,3
AA,DEN,DEN,842,64,2181,1,7,4
WN,SFO,ATL,2317,88,1268,7,1,5
UA,DFW,DEN,395,-4,2498,12,8,4
AA,SFO,ATL,449,147,2730,4,19,5
B6,MIA,DFW,1354,120,2612,11,20,3
WN,ATL,LAX,1986,159,447,12,20,1
AA,SFO,SFO,1308,37,1865,3,10,4
AA,MIA,ATL,1297,144,224,8,12,3
UA,DFW,DEN,2067,58,1913,2,24,4
B6,ORD,DEN,2286,40,2504,9,1,3
AS,LAX,JFK,1293,92,2674,8,24,5
AS,DFW,DEN,1849,100,597,8,25,3
AA,JFK,LAX,185,13,1276,3,25,5
DL,ATL,ORD,1233,49,152,4,21,1
B6,ORD,ORD,1437,-4,248,2,4,5
WN,JFK,DEN,252,-1,602,2,4,2
DL,JFK,JFK,18,38,969,4,9,1
DL,ATL,ATL,1159,48,318,6,15,7
B6,ORD,LAX,222,140,1400,5,24,7
AA,DEN,JFK,2,81,2599,1,26,7
AA,JFK,ATL,1259,99,2230,10,15,6
AA,JFK,LAX,853,124,837,1,26,6
AA,ORD,DEN,1488,36,2674,6,28,3
AS,SFO,ORD,227,62,2551,3,7,3
AA,JFK,LAX,1677,108,389,3,12,2
AS,LAX,DEN,498,-8,2567,7,3,3
AS,ORD,DFW,1885,134,438,1,20,1
AA,JFK,SFO,2015,177,2924,1,9,1
UA,ATL,LAX,1162,166,2858,10,14,7
WN,DFW,SFO,1299,-15,1793,3,13,5
DL,LAX,LAX,2338,76,1968,8,24,4
AS,MIA,SFO,1076,73,1086,1,28,3
B6,MIA,DFW,714,89,1058,10,12,2
B6,DFW,ORD,947,130,1330,4,1,7
WN,MIA,MIA,869,117,2833,9,19,6
B6,DFW,ATL,1070,30,1388,4,16,1
UA,JFK,SFO,93,126,2106,10,12,1
B6,LAX,DFW,559,30,472,8,10,1
DL,LAX,SFO,1775,66,1611,7,2,4
DL,SFO,ORD,2260,47,630,3,18,4
AS,DFW,SFO,435,63,1023,7,13,3
AA,LAX,DFW,851,21,122,7,24,6
UA,SFO,DEN,204,36,2251,10,6,2
AS,ORD,DFW,1099,175,340,3,12,4
UA,SFO,MIA,76,145,1104,2,28,5
AA,ATL,MIA,815,41,1996,9,28,4
B6,DEN,MIA,767,-14,1265,1,22,1
B6,JFK,JFK,105,91,913,7,4,2
AA,ORD,ORD,2135,178,754,4,1,3
AS,DEN,DEN,1746,157,882,2,11,4
AA,DEN,JFK,1465,159,2454,2,23,1
WN,ORD,ORD,244,5,107,8,8,7
DL,ATL,DEN,1405,133,1814,7,2,5
AS,SFO,SFO,981,-2,674,12,2,5
UA,JFK,DEN,1736,-12,1011,7,16,7
WN,SFO,DFW,141,40,617,5,1,3
AS,LAX,JFK,892,-1,1641,10,4,3
AA,SFO,SFO,1391,85,582,8,6,4
AA,MIA,DFW,544,29,2354,2,21,3
AA,ORD,ORD,2199,60,2816,2,20,6
AA,JFK,DEN,1469,129,678,5,14,6
UA,SFO,DFW,762,120,486,1,20,1
WN,JFK,SFO,623,119,511,6,26,1
B6,JFK,JFK,655,-11,1965,4,15,1
DL,LAX,JFK,1247,44,1493,6,7,6
UA,LAX,MIA,42,137,1476,7,7,4
UA,ORD,DEN,2311,-13,2067,3,18,4
B6,ATL,DFW,1026,128,1459,11,23,3
B6,MIA,MIA,1660,1,1005,8,2,4
DL,DEN,SFO,1291,-3,1412,7,20,1
DL,JFK,MIA,595,173,1062,1,15,2
B6,ATL,LAX,1012,155,1064,6,1,1
AA,DEN,ORD,2224,151,2287,7,21,6
UA,DEN,MIA,2110,-12,2076,11,17,7
AS,MIA,ORD,957,174,2447,4,20,2
DL,ORD,SFO,560,33,1136,2,25,3
DL,DEN,LAX,1330,5,763,10,13,5
B6,MIA,JFK,1312,73,924,9,12,7
WN,DEN,DEN,1821,79,1987,7,24,4
AS,JFK,ATL,1550,5,2547,1,22,4
AS,JFK,ATL,849,13,1091,8,15,6
DL,DFW,DEN,1278,-13,1232,3,24,1
AA,ATL,SFO,1533,117,2296,4,5,1
WN,SFO,LAX,1814,27,1839,12,7,2
AS,MIA,LAX,1741,162,2454,5,8,4
DL,LAX,ORD,605,86,1183,1,23,7
AS,MIA,JFK,1486,33,534,6,14,6
WN,SFO,DFW,1294,147,120,10,4,7
WN,ATL,MIA,745,98,2529,6,21,3
UA,LAX,LAX,557,122,2392,2,14,1
B6,SFO,DEN,2111,60,2025,11,10,7
B6,DFW,DFW,941,125,1572,10,22,4
DL,LAX,ATL,2296,75,1199,6,28,5
WN,JFK,DFW,1269,81,2845,8,16,6
UA,SFO,JFK,939,130,2737,6,11,2
UA,MIA,DEN,1610,41,489,4,22,1
AS,LAX,JFK,2204,25,2715,4,25,1
AS,DFW,DFW,1725,66,1454,9,26,3
UA,MIA,MIA,984,78,2406,6,14,1
AS,DEN,SFO,1587,18,525,8,14,6
WN,LAX,LAX,1336,122,1825,8,2,4
AA,LAX,DEN,1874,32,1129,7,22,4
WN,DFW,SFO,661,171,105,3,13,4
UA,DEN,DFW,32,170,290,10,3,5
UA,SFO,LAX,1816,59,247,1,18,5
WN,ORD,ORD,2120,-5,504,5,22,1
AS,SFO,SFO,1889,83,357,10,4,7
AS,DEN,SFO,1156,49,2877,10,21,5
B6,ATL,DFW,60,173,2237,2,21,7
UA,MIA,ATL,1543,120,923,12,19,7
DL,DFW,DFW,271,87,109,10,16,5
B6,SFO,SFO,2293,26,1210,2,28,3
AS,LAX,LAX,1199,-12,937,7,4,5
WN,DFW,MIA,1806,170,1087,11,19,2
AS,JFK,ATL,1154,13,724,3,23,2
WN,DEN,DFW,1125,136,129,8,15,7
B6,MIA,MIA,309,144,2275,9,1,2
UA,SFO,DEN,1315,150,2568,8,16,1
AS,DFW,DFW,1745,65,1178,6,15,4
WN,MIA,SFO,337,94,2452,5,16,3
UA,SFO,MIA,9,43,645,3,22,1
DL,DFW,SFO,48,131,1228,3,20,4
WN,LAX,ORD,1510,178,1295,7,1,3
B6,JFK,MIA,1344,13,1622,5,17,7
DL,JFK,MIA,730,155,2169,12,5,3
DL,ATL,DFW,794,-9,2538,6,5,3
AA,DFW,SFO,1648,130,716,6,26,2
AS,SFO,DEN,132,76,248,9,7,2
WN,JFK,JFK,2130,100,1911,1,13,2
DL,DEN,ATL,2104,120,2446,8,12,3
AA,JFK,JFK,375,66,271,10,4,6
B6,ORD,ATL,270,81,146,5,25,3
UA,ORD,DEN,1506,75,725,6,4,2
WN,JFK,MIA,2158,152,1910,6,23,3
DL,DFW,MIA,75,93,2354,1,21,2
AS,ATL,DFW,1956,172,552,3,21,2
AA,JFK,ORD,1666,26,1518,12,6,2
DL,LAX,SFO,328,37,853,6,24,7
AS,MIA,SFO,2169,112,2855,11,15,7
DL,SFO,SFO,40,100,1108,11,21,6
WN,ATL,DFW,1190,97,2823,9,19,4
WN,LAX,ATL,2326,-16,2930,6,6,3
WN,ATL,MIA,2056,167,1233,12,12,1
B6,LAX,DEN,12,75,2831,6,14,2
B6,SFO,SFO,923,0,1325,1,18,6
AA,SFO,JFK,1842,131,267,9,28,1
WN,ORD,SFO,1232,107,185,4,12,7
AS,DFW,MIA,1214,103,1777,2,24,4
DL,LAX,DFW,652,125,2082,1,24,3
UA,MIA,DEN,1703,0,948,3,15,7
AS,ORD,ORD,620,33,1586,3,19,6
B6,LAX,DEN,1962,117,541,5,28,2
B6,ORD,JFK,1645,131,370,1,8,2
AS,SFO,SFO,2243,83,1700,7,9,2
B6,ATL,SFO,416,90,443,1,5,6
WN,DEN,LAX,663,95,1306,4,5,7
AA,ORD,ATL,1778,167,2650,6,6,1
DL,LAX,JFK,1379,36,2641,1,23,4
AA,LAX,LAX,147,107,1357,7,3,3
DL,DEN,DEN,2045,130,2391,10,5,4
DL,DFW,ORD,1388,129,1632,7,1,7
AA,MIA,ATL,1725,175,366,3,11,2
AS,SFO,JFK,401,141,1753,4,26,4
DL,LAX,SFO,1515,99,992,6,21,1
AA,JFK,DEN,2031,49,2348,11,20,5
DL,ATL,JFK,228,135,338,7,1,7
UA,ORD,SFO,1598,74,1014,4,7,5
AS,DFW,MIA,267,78,1538,10,15,3
WN,MIA,ATL,1428,146,2631,11,17,3
DL,DEN,MIA,1816,21,1560,9,8,4
UA,ATL,MIA,1034,130,2393,9,26,3
WN,SFO,SFO,1343,49,1981,9,28,7
WN,DFW,ORD,125,-19,2299,12,2,6
DL,MIA,DEN,2353,131,1515,10,26,1
AA,ORD,DFW,1725,124,2358,6,13,2
DL,ORD,SFO,1112,88,466,2,12,2
UA,DEN,ORD,1375,44,1693,2,5,4
WN,JFK,DFW,688,49,185,11,13,2
DL,DEN,DEN,1280,48,1836,4,6,4
AA,SFO,MIA,1232,100,1757,9,25,3
DL,DFW,ATL,280,88,2141,3,15,3
AS,DFW,ATL,442,39,2593,6,23,6
AA,LAX,DEN,1863,157,719,2,22,6
UA,JFK,DEN,836,72,2451,1,21,1
WN,JFK,JFK,388,-9,231,12,22,2
DL,DFW,ORD,616,82,1003,5,11,7
AA,DFW,MIA,146,154,1087,8,4,6
AS,ATL,ORD,520,174,1321,10,1,1
AA,MIA,DEN,629,91,2194,10,15,5
B6,ATL,LAX,2191,44,1863,2,12,6
AS,ATL,LAX,288,134,2904,10,9,1
UA,JFK,DFW,1409,27,1326,9,11,4
WN,LAX,DFW,13,67,1384,12,5,4
UA,ORD,LAX,256,41,789,8,24,1
DL,ATL,DEN,1721,23,1147,3,7,3
AA,LAX,DEN,1423,126,786,1,8,5
B6,DEN,DFW,1230,166,885,4,1,1
AS,SFO,SFO,857,115,439,8,25,6
AS,ATL,DEN,1195,34,511,3,1,3
AA,DEN,LAX,463,87,2096,10,3,1
B6,ORD,ORD,269,26,385,12,8,2
AA,SFO,DEN,1244,-19,1209,2,28,6
DL,SFO,MIA,1206,92,949,7,11,6
UA,ORD,DEN,71,146,529,4,1,4
AS,ATL,SFO,1306,152,1704,6,14,2
DL,JFK,DFW,2121,139,130,5,1,2
UA,ORD,DEN,1750,172,702,2,6,6
DL,ORD,ATL,496,145,539,10,21,5
B6,ORD,JFK,987,-10,1084,2,27,7
AS,SFO,LAX,909,117,1472,9,6,3
AA,MIA,MIA,372,91,2018,11,3,4
AA,LAX,MIA,361,166,511,10,10,2
UA,DEN,MIA,2140,69,627,2,12,4
WN,JFK,ATL,1344,34,409,8,10,6
B6,ATL,MIA,323,127,1911,8,22,3
UA,ATL,MIA,574,-4,1461,1,2,1
WN,DEN,DFW,735,47,2821,1,24,2
DL,LAX,ORD,1215,112,2138,4,28,3
B6,ORD,JFK,1695,167,2584,2,22,7
DL,MIA,ATL,1907,130,803,12,13,4
AS,JFK,JFK,718,153,762,1,16,6
B6,ATL,LAX,780,31,464,9,13,3
WN,DEN,DFW,1019,117,1022,3,4,1
AS,DFW,DEN,1403,153,2260,1,4,3
AA,MIA,ORD,1426,135,275,2,11,6
WN,DEN,DFW,663,76,1272,8,23,4
UA,MIA,JFK,1772,150,1301,5,14,2
AA,ATL,ATL,10,133,1035,11,3,7
AA,ORD,LAX,2234,162,481,7,27,7
UA,DFW,LAX,1038,27,1382,6,19,2
B6,LAX,DFW,584,8,1312,1,22,5
AA,JFK,DEN,1075,6,405,6,25,4
WN,LAX,ATL,1374,125,1501,11,1,7
AS,LAX,DEN,1451,83,701,7,5,5
AA,DEN,DEN,1854,39,2490,4,17,5
WN,MIA,MIA,1789,85,2303,8,1,6
DL,JFK,ATL,742,48,811,8,19,6
WN,JFK,JFK,1776,93,1565,7,19,6
AS,ATL,DFW,203,0,502,11,4,1
WN,ATL,DFW,1076,131,713,2,19,4
UA,JFK,MIA,973,81,2944,6,6,2
AS,DFW,SFO,1398,110,2770,6,28,4
B6,SFO,DFW,1865,74,1901,12,15,6
DL,ATL,LAX,1299,169,2750,12,4,1
UA,SFO,JFK,1054,84,276,7,24,4
B6,DEN,ATL,1158,104,548,6,1,4
WN,DFW,DFW,104,-19,842,2,24,5
AS,JFK,JFK,252,45,1664,8,27,4
DL,DFW,MIA,294,92,2078,4,17,5
UA,ATL,DFW,1181,149,2448,9,11,5
B6,LAX,ATL,548,141,2854,8,17,3
B6,DEN,ORD,1777,21,406,3,23,6
DL,JFK,ATL,298,-1,850,3,1,7
WN,ORD,ATL,1748,76,968,8,9,1
DL,DEN,ATL,1843,47,313,2,14,5
B6,MIA,DFW,100,152,1717,9,15,4
AA,SFO,SFO,1774,54,1763,4,24,5
UA,DFW,ATL,873,104,2630,6,1,5
DL,JFK,MIA,91,149,1697,3,2,5
B6,DEN,LAX,446,26,2280,3,18,2
WN,DFW,LAX,108,-16,1772,3,18,7
B6,JFK,MIA,316,28,611,11,6,7
WN,ATL,JFK,1835,103,2358,10,20,2
DL,DEN,SFO,1943,16,1086,12,8,2
WN,ATL,JFK,1458,141,2864,12,1,2
AS,DEN,MIA,441,177,352,2,15,7
AS,ATL,LAX,2265,125,137,8,10,3
AS,MIA,DEN,1245,-2,728,9,4,5
AA,DFW,LAX,1551,19,1086,8,10,3
DL,ORD,ORD,277,-4,1825,10,11,4
B6,DEN,ATL,568,167,2193,3,5,7
B6,MIA,DEN,1009,78,1577,7,9,6
AA,DEN,LAX,838,72,1801,11,5,7
WN,ATL,DFW,1607,21,404,10,11,1
AA,JFK,DFW,29,102,1838,2,3,3
WN,DEN,JFK,1942,86,2380,4,27,2
WN,MIA,DEN,2133,51,344,12,4,2
UA,ATL,JFK,1257,44,1844,6,10,4
B6,LAX,ATL,364,88,2907,11,7,5
AS,ATL,ATL,1800,32,2986,5,1,1
WN,DFW,ORD,1822,114,2305,9,27,3
UA,ORD,MIA,1862,112,1124,10,6,5
B6,LAX,MIA,904,3,316,4,8,5
AS,DFW,SFO,697,7,606,5,17,6
WN,DFW,JFK,2178,41,860,4,24,6
WN,DFW,ATL,1855,-4,2728,8,7,3
AA,JFK,MIA,350,-1,1153,8,1,3
AA,DFW,JFK,179,-18,2774,3,9,3
B6,JFK,ATL,1503,144,2667,1,11,3
AS,DFW,LAX,1186,122,2004,6,19,2
WN,SFO,JFK,1806,30,374,2,2,7
B6,MIA,LAX,773,155,591,2,23,7
B6,LAX,JFK,509,115,926,3,11,5
DL,SFO,SFO,364,120,1050,8,3,7
AA,DFW,ORD,352,155,2994,3,17,5
AS,LAX,DFW,1106,-18,1278,7,10,2
WN,LAX,MIA,1248,172,1200,10,3,7
B6,DEN,DFW,411,52,1736,10,22,5
WN,ORD,DFW,734,138,1555,9,3,3
DL,SFO,LAX,117,84,138,8,21,1
AS,ORD,DEN,481,97,2386,1,25,7
B6,LAX,ATL,191,133,2269,7,7,6
WN,JFK,DFW,106,163,243,7,2,6
AA,LAX,SFO,381,13,2831,8,1,5
DL,ORD,DFW,782,116,2602,10,7,1
AS,SFO,JFK,243,41,2515,5,20,6
DL,DFW,LAX,467,99,858,10,11,7
AA,DEN,DEN,865,94,346,9,23,1
AS,DEN,JFK,1561,-8,864,9,6,2
DL,DEN,DEN,1233,48,2522,8,23,4
UA,DFW,JFK,603,148,1414,6,4,5
AA,DEN,JFK,1660,56,306,6,19,2
AA,SFO,MIA,1096,-20,2118,1,28,2
AA,DFW,ORD,2015,68,2666,6,21,1
UA,DEN,ORD,1658,26,2389,4,19,5
UA,DFW,ATL,1733,-17,2966,4,14,2
WN,ORD,LAX,1613,170,2449,2,3,3
B6,MIA,SFO,859,159,1417,11,4,2
DL,MIA,SFO,1879,-11,800,4,8,3
WN,SFO,SFO,1276,7,387,5,18,4
DL,ATL,MIA,12,100,2301,12,4,3
B6,JFK,JFK,2346,105,1693,5,11,3
UA,DEN,ORD,1099,113,2570,5,16,1
B6,JFK,LAX,1074,134,949,4,3,2
UA,DFW,JFK,786,119,149,1,7,4
B6,JFK,DEN,148,41,1330,10,2,2
WN,SFO,ORD,1754,159,2711,8,1,7
AS,SFO,ORD,2169,155,2809,3,26,7
WN,LAX,DFW,1303,46,2712,2,1,3
DL,MIA,DFW,1179,153,2360,9,6,6
WN,DEN,MIA,81,53,2008,7,19,3
AA,LAX,LAX,491,74,2958,9,7,2
DL,JFK,DEN,2025,122,2997,2,24,4
B6,ATL,LAX,924,178,1786,9,5,6
DL,LAX,LAX,1296,15,1840,10,21,4
AS,LAX,MIA,1603,121,1443,9,28,1
UA,SFO,MIA,1596,91,1890,11,18,3
B6,ATL,JFK,122,110,2060,9,24,3
DL,DFW,ATL,707,92,1188,10,26,7
B6,JFK,MIA,990,89,1255,10,13,1
B6,LAX,LAX,2040,93,2481,4,1,7
B6,ATL,DFW,709,46,131,10,10,2
UA,MIA,ATL,793,105,967,3,9,3
WN,DEN,JFK,711,65,1366,6,17,2
B6,ATL,ATL,1717,-2,1315,3,1,4
AA,MIA,SFO,256,161,1265,11,1,6
AS,JFK,DEN,1212,48,1783,9,7,6
UA,ATL,ATL,870,-11,700,3,4,6
DL,MIA,LAX,1731,140,2125,2,28,7
UA,ATL,JFK,808,120,1684,8,23,5
DL,ATL,DEN,270,107,1087,6,21,1
UA,DEN,LAX,1543,78,1314,8,12,6
DL,MIA,DEN,549,158,2065,7,16,3
B6,MIA,DFW,1137,11,2746,3,14,1
WN,LAX,SFO,567,91,1539,8,23,4
DL,JFK,DFW,358,3,619,10,10,4
DL,DEN,LAX,1673,14,1858,1,14,7
AA,ATL,LAX,1637,62,968,1,7,4
DL,ATL,LAX,1357,49,2163,10,4,4
AA,LAX,ORD,1712,147,1931,8,2,5
AS,JFK,SFO,1362,161,1229,9,24,2
B6,SFO,DEN,797,88,382,10,18,2
AA,DEN,MIA,1284,151,460,6,16,6
WN,LAX,LAX,886,169,1158,5,9,5
B6,JFK,LAX,1758,78,2260,2,5,7
AA,DEN,DEN,1222,175,2455,11,9,2
B6,ATL,MIA,2258,12,2034,9,25,7
B6,JFK,DFW,286,35,1058,6,8,7
B6,JFK,DFW,1715,143,1176,8,24,4
AS,DFW,LAX,1785,161,1204,9,20,2
WN,JFK,JFK,742,126,1739,9,16,1
UA,SFO,ORD,1505,150,2981,8,20,6
UA,JFK,DFW,2040,-9,1492,12,18,2
AA,SFO,JFK,1046,-10,2389,10,4,1
B6,ATL,ORD,295,49,130,8,16,3
AA,SFO,LAX,2053,119,803,3,4,1
AS,DEN,SFO,680,20,968,3,6,1
AS,ATL,ATL,1891,132,1484,2,3,4
DL,ATL,ATL,794,85,332,1,18,4
AS,SFO,LAX,202,-18,1157,4,15,6
DL,MIA,DFW,324,-18,1366,2,8,4
WN,LAX,JFK,2291,63,1050,2,18,1
AA,ORD,SFO,326,135,158,11,24,5
WN,MIA,DEN,986,130,2918,11,23,4
AS,JFK,ORD,760,155,2865,5,3,4
WN,DFW,LAX,1036,174,401,4,6,1
WN,ORD,SFO,906,149,2950,1,22,3
WN,JFK,MIA,1403,86,2145,9,26,3
AS,MIA,SFO,364,147,2259,4,21,2
B6,MIA,DFW,1244,113,2023,5,24,6
WN,JFK,MIA,2120,-1,416,7,15,3
DL,ATL,ORD,1648,118,1988,2,27,4
AS,JFK,MIA,1069,75,1268,8,12,5
WN,DFW,SFO,273,103,2815,11,5,2
B6,MIA,DFW,2255,134,789,2,7,6
AS,JFK,MIA,1952,0,1981,11,22,5
UA,SFO,JFK,1884,93,2053,10,27,5
B6,ORD,DFW,123,-8,117,5,15,4
DL,SFO,JFK,1352,65,1278,12,7,1
WN,DFW,JFK,1691,14,1629,2,13,1
UA,JFK,MIA,2107,26,877,2,25,1
UA,DEN,MIA,441,135,459,4,3,3
AS,DFW,DEN,1240,128,431,4,26,1
UA,ATL,DEN,910,125,2041,8,23,6
DL,SFO,SFO,1025,138,627,6,13,4
DL,SFO,DFW,1559,167,2159,10,26,3
AA,LAX,DEN,1741,104,1198,8,3,6
DL,JFK,JFK,1734,89,311,7,2,1
B6,ATL,DEN,625,16,1814,10,28,6
UA,DEN,ORD,1690,0,2788,4,23,5
DL,SFO,SFO,997,-7,2430,2,4,4
AS,SFO,DFW,90,70,2927,9,17,4
AA,ATL,DFW,2214,39,1153,2,6,6
UA,DFW,ATL,206,103,1132,1,11,2
AA,DFW,DFW,1088,2,1432,8,6,4
UA,JFK,SFO,1911,90,1433,10,22,5
AS,MIA,ORD,515,103,2824,9,2,4
AA,LAX,DFW,1180,136,2852,1,17,2
WN,SFO,ATL,1792,154,2573,7,3,4
B6,MIA,SFO,2353,9,1940,2,12,7
B6,MIA,JFK,1901,94,1895,6,14,4
UA,LAX,LAX,2005,69,1827,11,2,2
WN,MIA,LAX,394,17,690,5,22,7
AA,MIA,JFK,1097,62,1814,1,28,7
WN,DFW,DEN,186,6,2238,2,22,4
WN,DFW,DFW,1597,83,555,2,5,6
AA,ORD,MIA,1591,95,543,10,10,3
AS,DEN,LAX,729,-6,178,10,10,7
WN,JFK,DEN,239,166,1598,6,21,6
WN,MIA,LAX,140,-18,1026,11,9,4
AS,ORD,JFK,138,-11,2250,12,21,1
WN,DEN,DFW,69,99,722,1,13,1
WN,ORD,DFW,384,124,1579,11,10,3
WN,ORD,DEN,629,107,333,4,6,7
B6,JFK,JFK,2245,-10,1717,12,11,4
DL,JFK,DEN,204,155,2791,10,4,5
AS,ATL,DFW,1749,112,2130,11,26,7
WN,LAX,MIA,567,48,2937,5,14,4
B6,LAX,DFW,981,43,486,2,17,1
AS,ATL,SFO,804,-7,2994,2,20,2
UA,ATL,MIA,1710,29,1734,7,2,3
UA,DFW,DEN,881,133,137,7,10,2
WN,DEN,SFO,2035,51,1284,6,3,5
B6,ORD,JFK,973,48,1585,1,7,4
B6,MIA,ORD,639,114,2067,12,7,5
AS,ATL,LAX,1454,106,1572,12,1,2
AS,SFO,SFO,324,-5,340,3,8,4
B6,LAX,LAX,441,162,1149,9,23,7
AS,ATL,ATL,803,57,1771,10,1,6
B6,SFO,JFK,2335,80,661,1,8,6
DL,SFO,ORD,225,35,2099,2,14,7
B6,SFO,ATL,1087,84,905,8,14,5
UA,DFW,ATL,966,111,2029,7,2,6
AS,DFW,DFW,559,27,2445,9,8,6
B6,MIA,ATL,713,-4,904,10,19,1
B6,MIA,JFK,497,90,2301,12,10,6
AS,SFO,SFO,2107,143,2879,12,7,1
DL,DEN,JFK,256,49,1775,4,13,3
DL,DFW,SFO,576,59,2615,4,22,1
AS,ORD,ATL,2286,72,2196,7,21,1
AA,SFO,ATL,37,17,1777,1,15,2
AS,ORD,MIA,2072,80,145,10,11,1
AS,ORD,ORD,409,41,2927,12,26,1
DL,SFO,SFO,460,100,1751,9,14,2
DL,LAX,ATL,1440,27,181,2,11,1
AS,DEN,DFW,382,-11,2420,1,2,6
AS,SFO,MIA,1832,15,2541,7,2,7
AS,MIA,LAX,568,136,1909,6,12,1
DL,SFO,MIA,1071,-17,889,12,15,3
AS,DFW,ORD,432,23,694,3,17,1
AS,SFO,JFK,55,35,2205,1,14,1
WN,LAX,ORD,2315,21,2712,12,25,3
AA,DFW,LAX,2116,93,100,5,16,7
UA,MIA,MIA,1751,120,2363,10,27,2
AA,JFK,SFO,2047,153,1596,4,8,6
WN,JFK,JFK,901,140,865,5,24,7
UA,ORD,JFK,1624,0,770,1,17,1
AS,DEN,SFO,256,58,2658,1,5,6
WN,ORD,DEN,671,164,1701,5,12,5
AS,LAX,DEN,489,48,1014,6,6,6
DL,ATL,ORD,2096,49,1944,5,18,2
B6,MIA,ATL,1682,46,2095,2,26,2
WN,DEN,DEN,315,27,194,9,5,7
DL,MIA,ORD,433,140,592,5,6,1
WN,JFK,DEN,1025,15,2912,11,9,3
WN,ORD,LAX,1975,140,249,11,15,2
DL,MIA,DFW,1979,138,1146,5,10,3
UA,JFK,ATL,1389,128,2903,10,17,7
AA,LAX,ORD,419,6,1338,9,26,7
AS,LAX,DFW,1596,51,498,3,19,5
WN,ATL,DFW,1584,80,2557,5,12,3
AS,MIA,MIA,843,169,2278,12,9,7
B6,ATL,DEN,1467,75,954,5,15,7
DL,DFW,MIA,433,107,2295,2,14,7
AS,DEN,SFO,1578,5,480,11,1,4
DL,MIA,LAX,2104,45,651,4,17,7
AS,LAX,LAX,963,119,394,11,1,7
AA,ORD,LAX,976,1,1243,11,23,3
AA,JFK,ATL,45,-4,555,2,21,2
AA,SFO,JFK,1193,-14,1653,5,22,3
AA,ATL,ATL,416,86,268,10,13,3
AA,SFO,ORD,847,47,809,12,8,4
AA,MIA,DFW,2186,107,2046,2,13,4
DL,ORD,DFW,246,16,2119,10,16,1
WN,ATL,MIA,229,17,2184,9,2,2
AS,SFO,JFK,791,75,1821,10,13,7
AA,DEN,ORD,636,118,1384,6,18,1
DL,ORD,JFK,737,-20,2378,8,3,7
DL,JFK,DFW,1088,132,353,9,13,7
DL,DEN,DEN,87,21,2476,8,19,4
WN,ORD,ATL,712,159,1420,5,13,7
AS,DFW,LAX,1749,131,2157,5,19,7
WN,ATL,DFW,1227,160,2593,6,4,3
UA,LAX,SFO,1936,163,2983,1,19,4
DL,JFK,LAX,1405,42,2225,11,18,5
UA,MIA,DFW,600,60,2340,8,25,3
B6,DEN,ATL,1499,-13,500,2,6,1
AA,DEN,JFK,213,166,2256,6,19,3
AA,SFO,DEN,2121,152,2939,9,25,5
WN,ATL,DEN,2108,6,2046,3,4,4
AS,MIA,LAX,697,31,2410,2,4,2
UA,LAX,ATL,1242,125,2476,10,24,7
AS,ORD,DEN,2059,70,462,5,7,6
WN,LAX,DEN,2079,65,2406,11,7,2
AA,ATL,ORD,1183,-5,1458,9,26,2
AS,ATL,SFO,1000,45,184,6,23,7
AS,DFW,LAX,236,-16,1645,8,26,4
AA,DFW,JFK,1204,61,1924,8,16,2
UA,LAX,DEN,1481,110,407,7,27,5
AA,ORD,ORD,1103,97,361,5,16,7
AS,LAX,ATL,646,60,2021,2,5,4
UA,ATL,DEN,472,49,2944,10,15,2
UA,ATL,MIA,111,94,730,10,23,7
AA,SFO,SFO,1845,-14,779,5,4,6
AS,DFW,JFK,1654,29,964,12,24,1
WN,MIA,ATL,382,121,2471,7,25,4
AS,MIA,ATL,16,145,1825,12,13,4
DL,MIA,LAX,492,90,1951,12,28,3
B6,SFO,DEN,1896,26,826,7,19,7
WN,JFK,LAX,1509,91,1360,11,7,2
UA,MIA,JFK,116,140,1748,2,12,1
WN,ATL,MIA,1578,22,316,7,26,7
UA,SFO,DEN,879,70,1369,6,9,6
UA,LAX,DFW,2162,8,547,7,17,5
WN,DFW,DEN,1818,107,418,11,2,4
UA,DFW,MIA,1572,164,2009,8,16,5
UA,ORD,DFW,1648,112,2184,4,7,5
DL,LAX,ATL,643,75,2878,1,18,5
AS,ORD,LAX,1359,167,1157,8,7,3
AS,SFO,SFO,335,96,138,8,1,7
B6,DEN,DEN,146,49,1702,3,3,5
B6,MIA,SFO,121,109,2356,3,21,2
DL,JFK,DEN,80,49,929,5,28,2
B6,LAX,ATL,2110,89,955,3,11,1
WN,LAX,LAX,503,150,2748,5,22,1
AA,LAX,JFK,667,111,2907,8,15,6
AA,ORD,JFK,1444,35,1958,1,25,5
AA,SFO,JFK,1345,166,1202,2,25,5
DL,LAX,DEN,1189,68,1600,2,3,3
DL,DEN,DEN,1620,116,2581,12,24,7
UA,LAX,SFO,1980,110,1920,4,13,5
AA,DFW,LAX,1672,155,941,9,4,5
WN,MIA,MIA,458,150,2179,2,23,7
B6,JFK,DEN,1212,79,2540,12,22,5
WN,MIA,LAX,463,108,1355,11,8,4
B6,DFW,SFO,911,36,2339,12,22,4
AA,DFW,DEN,1025,160,2039,9,4,3
AA,JFK,JFK,71,123,369,7,18,3
AA,DEN,JFK,1450,30,2885,10,7,2
DL,SFO,ATL,1193,91,2224,8,11,3
B6,DFW,DFW,1848,83,834,1,27,6
DL,SFO,ORD,2022,106,983,5,4,2
DL,DFW,MIA,2242,34,2431,9,13,7
AS,ATL,DFW,1011,-20,1212,12,9,5
WN,JFK,DEN,652,69,2691,4,9,3
WN,DFW,LAX,1298,135,748,2,23,6
UA,ATL,DEN,6,32,1279,6,21,3
DL,MIA,LAX,904,165,2397,2,19,3
B6,ORD,LAX,2028,52,2242,3,3,2
AS,ATL,DFW,615,167,116,8,25,7
AS,LAX,ORD,1873,166,216,3,25,7
WN,DFW,ATL,769,87,1082,2,12,2
DL,ATL,DFW,2289,129,2480,6,11,1
UA,SFO,ORD,1566,-13,1946,3,20,2
DL,ORD,JFK,1485,156,1645,1,11,2
AA,DEN,JFK,1440,21,2793,12,17,4
DL,DFW,LAX,765,134,2263,3,26,3
AA,LAX,SFO,383,146,1062,6,21,2
AA,DEN,DEN,687,4,1376,3,14,3
UA,ATL,DEN,1149,17,946,9,16,3
B6,DEN,LAX,46,64,2463,7,24,4
WN,DEN,SFO,1972,131,2957,5,10,3
DL,ORD,MIA,463,3,471,2,4,6
AA,MIA,ORD,1872,39,2907,9,10,2
DL,DEN,MIA,122,157,1706,5,26,3
B6,DEN,MIA,2181,90,255,7,20,1
WN,DFW,JFK,1642,45,2761,9,12,1
B6,MIA,MIA,840,121,2655,4,9,4
WN,ORD,DEN,1585,32,564,9,15,6
AS,LAX,DFW,1803,139,882,1,9,7
WN,ATL,SFO,22,85,903,12,7,7
UA,ORD,ORD,565,75,319,6,26,2
B6,ORD,JFK,1909,155,2162,2,24,4
AA,JFK,MIA,964,18,1873,8,12,1
AS,ORD,DFW,2282,147,216,5,28,6
UA,MIA,SFO,995,21,2478,3,20,2
DL,JFK,LAX,1187,90,2203,2,24,3
B6,ATL,LAX,1794,83,1474,8,14,2
AA,DEN,LAX,825,56,2118,7,22,5
WN,DFW,DEN,215,-13,407,9,16,2
AA,DFW,ORD,656,5,321,8,19,3
DL,ATL,LAX,1113,119,1296,11,23,5
AS,ATL,DEN,1987,22,896,4,3,7
AS,MIA,ATL,310,158,1629,2,11,6
B6,SFO,DEN,556,89,250,2,23,4
AS,DEN,JFK,2304,79,1820,2,21,6
B6,ATL,DEN,1556,42,1656,11,20,2
B6,ORD,ORD,51,28,211,12,19,7
B6,MIA,DFW,1361,94,782,6,8,4
WN,DFW,MIA,1194,134,1261,7,20,2
UA,LAX,DEN,1648,116,2479,12,8,1
B6,MIA,LAX,2347,146,1665,6,26,1
B6,DFW,JFK,671,44,992,2,3,3
UA,JFK,SFO,777,178,1430,4,10,7
AA,MIA,LAX,831,50,260,3,13,7
B6,DFW,JFK,2279,-14,1525,11,9,6
WN,SFO,ATL,1860,179,377,4,6,1
AS,MIA,MIA,1529,59,1656,5,15,5
AS,MIA,SFO,2075,46,596,7,16,5
DL,DEN,ATL,1972,117,1495,9,5,7
DL,ATL,DFW,1074,178,2015,11,21,7
AS,DEN,JFK,1716,160,754,2,13,2
AS,MIA,ATL,1283,80,402,8,19,7
WN,ATL,MIA,590,74,537,3,2,4
UA,DFW,MIA,1986,66,2873,9,6,5
DL,LAX,DFW,1001,164,285,10,27,2
UA,LAX,MIA,2231,70,1689,12,1,4
WN,MIA,JFK,1046,82,772,4,15,7
AS,SFO,JFK,2176,105,1373,3,15,7
B6,JFK,MIA,2338,134,1100,10,14,1
UA,DFW,ATL,1855,161,2426,6,7,2
AS,ATL,JFK,500,92,782,10,5,4
AS,MIA,LAX,2233,-17,1818,9,20,3
AA,DFW,MIA,478,67,1024,7,25,7
UA,MIA,JFK,1594,130,2527,4,26,6
B6,SFO,ORD,512,155,2982,3,16,6
UA,ORD,DFW,2332,149,1098,10,17,7
AS,ORD,MIA,600,-18,384,4,11,3
B6,SFO,JFK,1440,70,520,3,15,5
WN,ATL,ORD,1123,-18,2260,12,20,6
AA,DEN,JFK,188,135,2375,3,16,4
AS,SFO,JFK,988,170,1594,12,3,7
DL,MIA,ATL,1881,60,627,9,6,7
DL,ATL,LAX,387,138,2643,4,21,7
AA,LAX,MIA,2288,117,130,9,23,3
WN,SFO,DFW,1805,156,261,12,13,5
AS,ATL,MIA,2033,73,1941,10,1,2
UA,SFO,LAX,1754,105,804,5,21,7
AA,SFO,SFO,2223,92,821,7,14,2
WN,DEN,ATL,386,128,1501,5,2,4
UA,DEN,ATL,1494,79,545,1,2,4
DL,MIA,LAX,852,32,2891,2,27,4
DL,ATL,DEN,451,66,526,11,15,6
UA,ATL,ATL,2324,68,2651,5,27,4
AA,JFK,MIA,1758,33,1650,6,18,7
DL,SFO,LAX,212,164,2067,7,9,3
AS,ORD,ATL,40,-1,820,2,26,3
B6,SFO,JFK,1145,92,2831,10,3,5
UA,SFO,LAX,2341,28,1901,9,4,3
UA,ATL,LAX,599,114,2729,6,15,6
DL,SFO,MIA,2024,8,2064,2,5,2
AA,DFW,ORD,2030,27,1157,2,20,5
AS,SFO,ATL,1782,-8,2144,3,20,3
AA,DFW,ATL,1851,-18,835,1,5,4
WN,DEN,LAX,1779,-19,2838,9,10,3
WN,ORD,JFK,1904,-5,857,10,16,1
B6,MIA,JFK,2091,73,1895,11,25,5
DL,ATL,DFW,143,81,1743,4,12,7
DL,SFO,JFK,332,113,853,5,25,7
DL,DFW,ATL,997,24,123,7,14,6
B6,DFW,DEN,1419,50,1339,1,22,3
WN,DEN,ORD,54,112,154,3,11,3
AA,DFW,LAX,1330,35,1404,3,28,6
B6,MIA,SFO,1446,178,2951,2,19,2
B6,LAX,ORD,1440,106,2474,8,6,4
AA,JFK,MIA,1733,11,1069,5,10,4
DL,MIA,MIA,1694,28,2333,1,20,2
AS,ORD,DEN,79,-8,2642,12,3,2
AA,MIA,SFO,984,137,533,2,22,1
WN,DEN,ORD,864,4,307,1,15,6
UA,DEN,JFK,1587,39,232,6,11,5
UA,MIA,ATL,471,38,1462,9,22,4
B6,SFO,DEN,2121,135,1319,11,2,2
UA,LAX,SFO,1576,37,1385,7,25,2
AS,SFO,DEN,1502,-1,1405,5,24,6
DL,SFO,ORD,588,141,468,12,6,7
WN,MIA,ATL,1410,112,1306,3,17,5
AS,ATL,DEN,1905,167,2570,12,28,2
WN,ATL,SFO,563,150,2391,12,18,7
WN,ATL,LAX,466,36,881,8,4,1
DL,LAX,ORD,598,164,2771,10,23,5
B6,SFO,LAX,1644,33,666,4,9,7
UA,JFK,JFK,991,91,626,9,10,1
DL,ORD,LAX,1932,152,136,5,21,3
AS,ATL,LAX,2295,65,277,6,26,4
B6,ATL,DFW,1604,16,738,5,2,2
AS,DEN,ORD,66,63,2999,10,11,7
B6,SFO,JFK,469,27,171,12,11,5
AS,SFO,LAX,1724,97,2499,11,11,1
DL,LAX,MIA,2333,161,2770,7,1,4
B6,LAX,ATL,1631,27,1272,7,26,4
B6,ATL,SFO,2356,91,1820,1,14,2
WN,SFO,LAX,774,89,204,2,1,7
WN,JFK,JFK,1136,-15,1782,7,21,4
AA,ORD,LAX,2011,141,320,8,23,2
AS,MIA,SFO,1486,170,1949,4,25,7
WN,SFO,JFK,131,57,962,6,9,7
AA,DEN,ORD,929,155,2665,11,24,3
WN,MIA,JFK,928,2,398,12,1,2
AS,SFO,ORD,2168,105,141,10,21,6
B6,DFW,JFK,1220,63,870,3,22,1
UA,LAX,MIA,1505,-8,2639,7,22,6
AS,DEN,DEN,633,26,1562,11,4,7
DL,ORD,SFO,1062,23,2232,3,1,7
WN,ATL,SFO,1184,84,1809,11,19,4
WN,DEN,JFK,288,139,1090,7,10,4
B6,SFO,DEN,2247,133,810,12,15,4
DL,ATL,LAX,1811,160,308,11,20,7
B6,SFO,SFO,527,-7,1371,12,4,2
DL,ATL,MIA,916,159,1334,11,20,5
UA,ORD,ORD,1708,100,138,8,14,2
WN,LAX,ORD,1406,15,1375,3,5,1
WN,ORD,ATL,1241,-13,1926,2,15,2
UA,DFW,DFW,1110,147,861,12,15,4
AA,JFK,DEN,798,129,1536,6,27,3
B6,LAX,DFW,1523,-5,1569,4,25,1
UA,ORD,DFW,11,70,2199,8,16,6
B6,DFW,ORD,832,99,473,2,16,3
AS,JFK,MIA,1241,167,1030,4,4,1
WN,DFW,MIA,1672,39,255,2,25,1
B6,SFO,ATL,2153,-11,1665,2,9,7
DL,MIA,DFW,690,132,1213,2,1,4
B6,SFO,DFW,527,10,2826,1,5,7
AS,ATL,JFK,1495,0,2498,4,9,6
WN,LAX,JFK,892,60,2216,2,20,2
UA,SFO,JFK,386,12,1365,9,5,7
AS,DEN,LAX,1249,10,753,9,4,6
WN,DFW,DFW,1777,128,162,11,16,4
B6,LAX,MIA,407,15,608,11,2,4
AA,MIA,MIA,1676,172,2439,7,26,7
AA,DEN,LAX,897,111,1787,6,16,4
DL,SFO,MIA,710,47,1547,12,18,3
WN,ATL,ATL,1682,69,1792,3,2,6
AA,ORD,DEN,917,111,2968,12,16,6
UA,ATL,ORD,2250,-12,1488,7,1,1
WN,DEN,DFW,416,9,2297,1,16,5
UA,JFK,MIA,415,94,1394,9,3,2
UA,SFO,ORD,1471,24,1704,4,15,4
AA,DEN,MIA,1535,-17,1239,6,11,6
WN,JFK,DEN,84,48,803,6,10,6
B6,JFK,JFK,166,2,615,11,17,1
AS,DFW,DFW,1095,-5,2037,3,4,2
AA,LAX,SFO,809,1,1933,4,17,5
AA,DFW,LAX,1544,51,1364,11,4,5
B6,SFO,LAX,1816,27,129,10,19,4
WN,JFK,DFW,992,169,425,3,25,5
WN,MIA,DEN,1281,167,115,6,1,5
UA,DEN,JFK,274,86,210,1,14,7
B6,ORD,LAX,1773,112,2860,8,24,2
B6,JFK,JFK,1756,-14,206,8,11,2
WN,DEN,ATL,891,30,2526,9,25,7
UA,MIA,ORD,88,44,2309,6,28,4
AA,ORD,DEN,707,-12,382,1,7,6
DL,DFW,SFO,386,61,368,3,17,1
AS,DFW,ORD,2134,24,2631,1,4,4
AA,LAX,ORD,2354,101,2814,5,10,3
WN,DEN,ATL,1873,154,1320,3,17,5
AS,JFK,LAX,1177,174,1366,2,4,7
DL,ATL,SFO,439,131,697,3,19,1
DL,DFW,LAX,2311,-11,898,9,18,6
UA,DFW,DFW,976,52,1382,11,17,6
AS,LAX,ORD,734,27,2945,8,6,2
UA,ORD,DFW,632,142,1272,3,28,3
AA,LAX,JFK,992,161,1990,11,7,6
B6,MIA,ORD,172,66,2537,2,6,3
B6,JFK,LAX,3,90,2111,5,25,5
B6,DEN,ORD,1663,178,2563,12,12,2
AS,SFO,JFK,2015,-5,525,12,9,1
B6,SFO,ATL,1495,32,1825,12,18,2
AA,DEN,DFW,1060,19,2233,1,2,5
UA,ORD,MIA,1054,79,1339,4,25,7
AS,MIA,DFW,380,-1,2570,8,17,6
UA,DFW,LAX,1291,48,217,1,21,3
AS,ORD,ORD,1592,24,2562,5,1,7
UA,DFW,LAX,165,-15,698,12,23,5
DL,DFW,ATL,1042,176,2187,4,9,6
UA,SFO,ORD,1651,156,1284,6,6,4
B6,ORD,MIA,1207,18,2850,7,2,3
DL,MIA,ORD,544,81,2684,9,6,5
UA,LAX,MIA,2239,109,2567,1,9,1
AS,DFW,LAX,96,86,763,11,3,1
AS,ATL,LAX,1301,18,2242,10,16,6
AS,ATL,JFK,2056,97,1681,4,25,6
WN,LAX,DEN,456,128,749,6,24,1
